ns,gamma,ts,delta_ts,nb
0.12589254117941673,2.45,4844.421045705596,8.066767987887033,0.9737335622523766
0.13738237958832628,2.45,4844.531630800188,8.177353082479385,0.9718139922014838
0.1499208614309617,2.45,4844.73555521567,8.381277497960582,0.969766911297378
0.16360369327968372,2.45,4845.049629206048,8.695351488338929,0.9675851564861424
0.17853531656152205,2.45,4845.492985546482,9.138707828772567,0.9652614363381706
0.19482970476242364,2.45,4846.0873532262185,9.7330755085095,0.9627880938750135
0.2126112333899656,2.45,4846.857359287751,10.503081570042013,0.960157257913606
0.23201562933498188,2.45,4847.830861369537,11.47658365182815,0.9573603142040554
0.253191006878606,2.45,4849.039313718411,12.685036000701984,0.9543892009333969
0.2762989982526012,2.45,4850.518169665926,14.163891948216587,0.9512348682998542
0.3015159873825738,2.45,4852.307323821882,15.953046104173154,0.9478879461676872
0.3290344562312668,2.45,4854.451597523581,18.097319805871848,0.9443389510730335
0.3590644540186084,2.45,4857.001271402969,20.646993685259986,0.940577941900253
0.3918352005331102,2.45,4860.012669294981,23.658391577271686,0.9365945610556717
0.4275968357727379,2.45,4863.548798114345,27.194520396636108,0.9323780405751807
0.4666223292703073,2.45,4867.680048777633,31.32577105992368,0.9279172900153496
0.5092095636773398,2.45,4872.48496374492,36.130686027210686,0.9232005534083189
0.555683608510431,2.45,4878.05107730342,41.69679958571123,0.9182159197148847
0.606399201415696,2.45,4884.475835315919,48.12155759820962,0.9129507563172757
0.6617434558908557,2.45,4891.867601811863,55.513324094154086,0.9073918650778323
0.7221388161330753,2.45,4900.346760510948,63.992482793239105,0.9015256635319677
0.7880462815669914,2.45,4910.046920140629,73.69264242291956,0.8953380020590106
0.8599689256658395,2.45,4921.1162332439735,84.7619555262645,0.8888138071483882
0.9384557359249337,2.45,4933.718839076836,97.36456135912704,0.8819377969957216
1.0241058042981246,2.45,4948.036442169142,111.68216445143298,0.8746935865306134
1.1175729000829515,2.45,4964.2700391813105,127.91576146360148,0.8670643716238249
1.2195704601594417,2.45,4982.641807831275,146.2875301135664,0.859032462606673
1.3308770346731866,2.45,5003.397172910873,167.04289519316444,0.8505793894585443
1.452342229729745,2.45,5026.807065763354,190.45278804564532,0.8416858954162523
1.5848931924611134,2.45,5053.170395069979,216.81611735227034,0.8323317053547347
0.12589254117941673,2.5183333333333335,4843.531732963132,7.177455245422607,0.9760047157345556
0.13738237958832628,2.5183333333333335,4843.403671200725,7.049393483015592,0.9742152902042405
0.1499208614309617,2.5183333333333335,4843.333824425841,6.979546708132148,0.9723037531349169
0.16360369327968372,2.5183333333333335,4843.334682186043,6.9804044683342,0.9702630042162209
0.17853531656152205,2.5183333333333335,4843.420587938729,7.066310221020103,0.9680857905616624
0.19482970476242364,2.5183333333333335,4843.607967611529,7.253689893819683,0.9657644801324863
0.2126112333899656,2.5183333333333335,4843.9155823123865,7.561304594677495,0.9632910968540143
0.23201562933498188,2.5183333333333335,4844.364807443842,8.010529726133427,0.9606575304268155
0.253191006878606,2.5183333333333335,4844.979940663035,8.62566294532644,0.9578547461908858
0.2762989982526012,2.5183333333333335,4845.788541334177,9.434263616468343,0.9548745499081902
0.3015159873825738,2.5183333333333335,4846.821804339442,10.467526621732759,0.9517073663537421
0.3290344562312668,2.5183333333333335,4848.114971363378,11.760693645668653,0.9483435773653165
0.3590644540186084,2.5183333333333335,4849.707783033148,13.353505315439179,0.9447732941876429
0.3918352005331102,2.5183333333333335,4851.644975599417,15.290697881708184,0.9409861515118088
0.4275968357727379,2.5183333333333335,4853.976826175932,17.62254845822281,0.9369713420618103
0.4666223292703073,2.5183333333333335,4856.759750926607,20.405473208898,0.9327177802255459
0.5092095636773398,2.5183333333333335,4860.056960999595,23.702683281885584,0.9282138047516739
0.555683608510431,2.5183333333333335,4863.939181461712,27.584903744002986,0.9234474946948851
0.606399201415696,2.5183333333333335,4868.485438986472,32.13116126876321,0.9184062595997063
0.6617434558908557,2.5183333333333335,4873.78392459764,37.42964687993117,0.9130770315912529
0.7221388161330753,2.5183333333333335,4879.932938370793,43.578660653083716,0.9074462904943607
0.7880462815669914,2.5183333333333335,4887.041923650544,50.68764593283504,0.9015000132636186
0.8599689256658395,2.5183333333333335,4895.232599054673,58.87832133696429,0.8952234419809978
0.9384557359249337,2.5183333333333335,4904.640197312149,68.2859195944402,0.8886012585132153
1.0241058042981246,2.5183333333333335,4915.4148208246825,79.06054310697345,0.8816175709908926
1.1175729000829515,2.5183333333333335,4927.722924756518,91.36864703880929,0.874255665365231
1.2195704601594417,2.5183333333333335,4941.748939451296,105.39466173358687,0.8664982958209451
1.3308770346731866,2.5183333333333335,4957.697045055442,121.34276733773277,0.8583272052045077
1.452342229729745,2.5183333333333335,4975.793112403995,139.4388346862861,0.8497235876215007
1.5848931924611134,2.5183333333333335,4996.286825506859,159.9325477891498,0.8406676279426141
0.12589254117941673,2.586666666666667,4843.244412119795,6.890134402086005,0.9779295772401729
0.13738237958832628,2.586666666666667,4842.963109683238,6.608831965529134,0.976253085307414
0.1499208614309617,2.586666666666667,4842.715179134542,6.360901416833258,0.9744594681710951
0.16360369327968372,2.586666666666667,4842.5099124298695,6.155634712160463,0.9725415381957859
0.17853531656152205,2.586666666666667,4842.358097836143,6.003820118434305,0.9704921743860251
0.19482970476242364,2.586666666666667,4842.272213680118,5.917935962408592,0.9683037749613698
0.2126112333899656,2.586666666666667,4842.266643099521,5.9123653818123785,0.9659684217860879
0.23201562933498188,2.586666666666667,4842.357911783285,6.00363406557608,0.9634779814271894
0.253191006878606,2.586666666666667,4842.564950863225,6.210673145516012,0.9608238019501253
0.2762989982526012,2.586666666666667,4842.909387309405,6.555109591696237,0.9579967200993326
0.3015159873825738,2.586666666666667,4843.415864386721,7.061586669012286,0.9549880505573441
0.3290344562312668,2.586666666666667,4844.1123949526755,7.7581172349664484,0.9517879894585742
0.3590644540186084,2.586666666666667,4845.03075062224,8.676472904530783,0.948386402949771
0.3918352005331102,2.586666666666667,4846.20689009042,9.85261237271061,0.9447730292386041
0.4275968357727379,2.586666666666667,4847.681430197037,11.327152479328106,0.9409370646019339
0.4666223292703073,2.586666666666667,4849.50016363939,13.145885921680929,0.9368674241404528
0.5092095636773398,2.586666666666667,4851.71462759146,15.360349873751147,0.932552316230701
0.555683608510431,2.586666666666667,4854.382727875934,18.028450158224587,0.9279797550692296
0.606399201415696,2.586666666666667,4857.569423760446,21.215146042736706,0.9231372994730213
0.6617434558908557,2.586666666666667,4861.347478915219,24.993201197509734,0.9180117695415833
0.7221388161330753,2.586666666666667,4865.798284578873,29.44400686116387,0.9125897531122108
0.7880462815669914,2.586666666666667,4871.012761536372,34.65848381866272,0.9068571301820428
0.8599689256658395,2.586666666666667,4877.092348121638,40.73807040392876,0.9007993068963349
0.9384557359249337,2.586666666666667,4884.150082121713,47.79580440400423,0.8944010943082611
1.0241058042981246,2.586666666666667,4892.31178518458,55.95750746687099,0.8876465785901181
1.1175729000829515,2.586666666666667,4901.717359124066,65.3630814063572,0.8805193955741866
1.2195704601594417,2.586666666666667,4912.522204379413,76.16792666170386,0.8730023198517876
1.3308770346731866,2.586666666666667,4924.898771830453,88.54449411274436,0.8650774276708121
1.452342229729745,2.586666666666667,4939.038260200301,102.683982482592,0.8567260007491624
1.5848931924611134,2.586666666666667,4955.152472404416,118.79819468670667,0.8479285985167477
0.12589254117941673,2.6550000000000002,4843.319624861944,6.965347144235238,0.9795576750763423
0.13738237958832628,2.6550000000000002,4842.9421798766925,6.587902158983525,0.9779785603606239
0.1499208614309617,2.6550000000000002,4842.58043705294,6.226159335231387,0.9762865289713839
0.16360369327968372,2.6550000000000002,4842.2413008994035,5.887023181694531,0.9744747422541961
0.17853531656152205,2.6550000000000002,4841.932896225538,5.578618507828651,0.9725359755576953
0.19482970476242364,2.6550000000000002,4841.664734828111,5.31045711040224,0.9704626542249101
0.2126112333899656,2.6550000000000002,4841.44790076767,5.093623049961025,0.9682469957536134
0.23201562933498188,2.6550000000000002,4841.295255987792,4.940978270083178,0.965880780109302
0.253191006878606,2.6550000000000002,4841.221668191207,4.867390473497835,0.9633554857573545
0.2762989982526012,2.6550000000000002,4841.244263062415,4.889985344705565,0.9606623303989873
0.3015159873825738,2.6550000000000002,4841.3827031180135,5.0284254003045135,0.9577915973468543
0.3290344562312668,2.6550000000000002,4841.6594956766385,5.305217958929461,0.9547342992410564
0.3590644540186084,2.6550000000000002,4842.10033266508,5.746054947370794,0.9514801408416199
0.3918352005331102,2.6550000000000002,4842.734465230283,6.380187512573684,0.9480188187091738
0.4275968357727379,2.6550000000000002,4843.595116393903,7.240838676193562,0.9443395248207366
0.4666223292703073,2.6550000000000002,4844.719935283147,8.365657565437687,0.940430960785406
0.5092095636773398,2.6550000000000002,4846.151496792135,9.797219074425811,0.9362814491952304
0.555683608510431,2.6550000000000002,4847.93785087718,11.583573159470689,0.9318790453538626
0.606399201415696,2.6550000000000002,4850.133126069035,13.778848351325905,0.9272110199731509
0.6617434558908557,2.6550000000000002,4852.798192197208,16.443914479498744,0.9222643869187869
0.7221388161330753,2.6550000000000002,4856.001387769195,19.64711005148638,0.9170255437279001
0.7880462815669914,2.6550000000000002,4859.819317933754,23.465040216045054,0.911480420442066
0.8599689256658395,2.6550000000000002,4864.337729485998,27.983451768289342,0.905614315240241
0.9384557359249337,2.6550000000000002,4869.652469947605,33.2981922298959,0.8994122195808776
1.0241058042981246,2.6550000000000002,4875.870538382881,39.51626066517201,0.8928580509570018
1.1175729000829515,2.6550000000000002,4883.111236296358,46.756958578648664,0.885935518228835
1.2195704601594417,2.6550000000000002,4891.507427707411,55.15314998970189,0.8786273528862044
1.3308770346731866,2.6550000000000002,4901.2069183185195,64.85264060081045,0.8709160067302296
1.452342229729745,2.6550000000000002,4912.3739645950745,76.01968687736553,0.8627829021805339
1.5848931924611134,2.6550000000000002,4925.190924564592,88.83664684688301,0.85420850238341
0.12589254117941673,2.7233333333333336,4843.604301603904,7.250023886194867,0.9809312258544391
0.13738237958832628,2.7233333333333336,4843.1690483654265,6.814770647717523,0.9794350679526214
0.1499208614309617,2.7233333333333336,4842.736880250537,6.382602532828059,0.9778299184220913
0.16360369327968372,2.7233333333333336,4842.312905917114,5.9586281994052115,0.9761089237902737
0.17853531656152205,2.7233333333333336,4841.903239127193,5.548961409484036,0.9742647915806182
0.19482970476242364,2.7233333333333336,4841.515144074234,5.160866356524821,0.9722901487792757
0.2126112333899656,2.7233333333333336,4841.1571974959725,4.802919778263458,0.9701771695057617
0.23201562933498188,2.7233333333333336,4840.839469138869,4.48519142116038,0.9679176423570798
0.253191006878606,2.7233333333333336,4840.573722281664,4.219444563955221,0.965503051749177
0.2762989982526012,2.7233333333333336,4840.373636183188,4.019358465478945,0.962924656646969
0.3015159873825738,2.7233333333333336,4840.255052494025,3.9007747763162115,0.9601731423556216
0.3290344562312668,2.7233333333333336,4840.236247864714,3.881970147004722,0.9572384846193123
0.3590644540186084,2.7233333333333336,4840.338235196449,3.9839574787401943,0.9541113600979202
0.3918352005331102,2.7233333333333336,4840.585096211101,4.23081849339178,0.9507809563569154
0.4275968357727379,2.7233333333333336,4841.004348276636,4.650070558926927,0.9472366812930196
0.4666223292703073,2.7233333333333336,4841.627348699083,5.273070981374076,0.9434671752444057
0.5092095636773398,2.7233333333333336,4842.489739996728,6.135462279018611,0.9394606775595067
0.555683608510431,2.7233333333333336,4843.631939999953,7.277662282243909,0.9352051502037944
0.606399201415696,2.7233333333333336,4845.099680974948,8.74540325723865,0.9306878812202773
0.6617434558908557,2.7233333333333336,4846.944602352165,10.59032463445601,0.9258957435909431
0.7221388161330753,2.7233333333333336,4849.224902052954,12.870624335245338,0.9208151893605689
0.7880462815669914,2.7233333333333336,4852.006051851883,15.651774134174048,0.9154319496788792
0.8599689256658395,2.7233333333333336,4855.361582691017,19.007304973308237,0.9097314811835328
0.9384557359249337,2.7233333333333336,4859.373946379196,23.01966866148723,0.9036984074140766
1.0241058042981246,2.7233333333333336,4864.13546066824,27.78118295053082,0.8973168178413865
1.1175729000829515,2.7233333333333336,4869.74934530487,33.395067587161066,0.89057032989016
1.2195704601594417,2.7233333333333336,4876.330857317495,39.97657959978642,0.8834418497164053
1.3308770346731866,2.7233333333333336,4884.00853451902,47.65425680131102,0.8759135169897984
1.452342229729745,2.7233333333333336,4892.925556998105,56.571279280396084,0.8679668071839184
1.5848931924611134,2.7233333333333336,4903.241237241689,66.8869595239803,0.8595825281797836
0.12589254117941673,2.791666666666667,4843.999984405573,7.645706687863822,0.9820855078095605
0.13738237958832628,2.791666666666667,4843.532678098618,7.178400380908897,0.9806594156673683
0.1499208614309617,2.791666666666667,4843.059430184782,6.705152467073276,0.979127730380516
0.16360369327968372,2.791666666666667,4842.583990237557,6.229712519848363,0.9774834387918463
0.17853531656152205,2.791666666666667,4842.110944060141,5.756666342432254,0.9757195304414188
0.19482970476242364,2.791666666666667,4841.645841843122,5.2915641254130605,0.9738284826012473
0.2126112333899656,2.791666666666667,4841.195341760166,4.841064042457219,0.9718024414538079
0.23201562933498188,2.791666666666667,4840.767370436447,4.413092718737971,0.9696334394592159
0.253191006878606,2.791666666666667,4840.37130184502,4.017024127310833,0.9673126941926258
0.2762989982526012,2.791666666666667,4840.018156323063,3.6638786053536023,0.9648315340144099
0.3015159873825738,2.791666666666667,4839.720821552423,3.366543834714321,0.9621806903784814
0.3290344562312668,2.791666666666667,4839.494297522411,3.140019804702206,0.9593504395289727
0.3590644540186084,2.791666666666667,4839.355967685389,3.0016899676802495,0.9563305748526936
0.3918352005331102,2.791666666666667,4839.325898730769,2.9716210130600302,0.9531112171412377
0.4275968357727379,2.791666666666667,4839.427171641025,3.07289392331586,0.9496812540529209
0.4666223292703073,2.791666666666667,4839.68624695676,3.331969239051432,0.9460293465886356
0.5092095636773398,2.791666666666667,4840.13336746379,3.779089746080899,0.9421438274504007
0.555683608510431,2.791666666666667,4840.803001828942,4.4487241112328775,0.938012458933699
0.606399201415696,2.791666666666667,4841.734333049869,5.380055332159827,0.9336226665437805
0.6617434558908557,2.791666666666667,4842.971795949827,6.617518232117618,0.9289611335142688
0.7221388161330753,2.791666666666667,4844.5656683412635,8.211390623554507,0.9240142785553466
0.7880462815669914,2.791666666666667,4846.572720903598,10.218443185888646,0.9187677994936394
0.8599689256658395,2.791666666666667,4849.056931272,12.702653554290919,0.9132069752953319
0.9384557359249337,2.791666666666667,4852.090268317805,15.735990600095647,0.9073164042603031
1.0241058042981246,2.791666666666667,4855.753553120325,19.399275402615785,0.9010803056767147
1.1175729000829515,2.791666666666667,4860.1374036884945,23.783125970785477,0.8944819597959263
1.2195704601594417,2.791666666666667,4865.343271093785,28.988993376075996,0.8875042638538453
1.3308770346731866,2.791666666666667,4871.484575330016,35.130297612307004,0.8801293379580882
1.452342229729745,2.791666666666667,4878.68794992803,42.33367221032131,0.8723385925520405
1.5848931924611134,2.791666666666667,4887.094605132873,50.74032741516385,0.864112732496186
0.12589254117941673,2.8600000000000003,4844.443184312116,8.08890659440658,0.983049412197376
0.13738237958832628,2.8600000000000003,4843.961048667457,7.606770949748352,0.981681869514316
0.1499208614309617,2.8600000000000003,4843.466517959341,7.1122402416322075,0.9802115152482219
0.16360369327968372,2.8600000000000003,4842.962307742068,6.608030024359323,0.9786312964282757
0.17853531656152205,2.8600000000000003,4842.451837023904,6.097559306194853,0.9769343520975843
0.19482970476242364,2.8600000000000003,4841.939342433311,5.58506471560213,0.975113034841545
0.2126112333899656,2.8600000000000003,4841.4300067855465,5.075729067837528,0.9731596531483611
0.23201562933498188,2.8600000000000003,4840.930103406455,4.575825688745681,0.9710659592792582
0.253191006878606,2.8600000000000003,4840.447157672778,4.092879955069293,0.9688234961551088
0.2762989982526012,2.8600000000000003,4839.9901273435025,3.6358496257935258,0.9664233593923546
0.3015159873825738,2.8600000000000003,4839.569603388743,3.2153256710344067,0.963856369935927
0.3290344562312668,2.8600000000000003,4839.198033172343,2.8437554546335377,0.9611126776634046
0.3590644540186084,2.8600000000000003,4838.889968015682,2.5356902979729057,0.9581822149418925
0.3918352005331102,2.8600000000000003,4838.662337362374,2.3080596446652635,0.9550547608899372
0.4275968357727379,2.8600000000000003,4838.534751981446,2.180474263736869,0.9517194603299854
0.4666223292703073,2.8600000000000003,4838.52983888976,2.175561172050948,0.9481647128672246
0.5092095636773398,2.8600000000000003,4838.6736109429485,2.319333225239461,0.9443789797724617
0.555683608510431,2.8600000000000003,4838.995874341019,2.6415966233098516,0.9403500472567808
0.606399201415696,2.8600000000000003,4839.530677618498,3.176399900788965,0.9360650489519192
0.6617434558908557,2.8600000000000003,4840.316806040065,3.9625283223558654,0.9315108077544562
0.7221388161330753,2.8600000000000003,4841.398325702019,5.044047984310055,0.9266734987729579
0.7880462815669914,2.8600000000000003,4842.825182046774,6.470904329064979,0.9215389485625438
0.8599689256658395,2.8600000000000003,4844.653857933513,8.299580215803871,0.9160922394155224
0.9384557359249337,2.8600000000000003,4846.948096873975,10.593819156266363,0.9103180615823372
1.0241058042981246,2.8600000000000003,4849.77969754,13.425419822290678,0.904200251946053
1.1175729000829515,2.8600000000000003,4853.229386181813,16.875108464104414,0.8977223106920134
1.2195704601594417,2.8600000000000003,4857.387774167188,21.033496449478662,0.8908668468294118
1.3308770346731866,2.8600000000000003,4862.356408465919,26.00213074821022,0.8836160302516849
1.452342229729745,2.8600000000000003,4868.24892356868,31.894645850970846,0.8759510731441574
1.5848931924611134,2.8600000000000003,4875.192304050869,38.83802633316009,0.8678526669878033
0.12589254117941673,2.9283333333333337,4844.893108223392,8.538830505683109,0.9838466768661649
0.13738237958832628,2.9283333333333337,4844.4075069499595,8.053229232250487,0.9825272135653494
0.1499208614309617,2.9283333333333337,4843.904919034733,7.550641317024201,0.9811071270764689
0.16360369327968372,2.9283333333333337,4843.3872693463045,7.032991628595482,0.9795796182308187
0.17853531656152205,2.9283333333333337,4842.85708200964,6.50280429193117,0.9779374068013247
0.19482970476242364,2.9283333333333337,4842.317583143965,5.963305426255829,0.9761732771743298
0.2126112333899656,2.9283333333333337,4841.772817158984,5.418539441275243,0.9742792415444473
0.23201562933498188,2.9283333333333337,4841.227777930687,4.873500212977888,0.972247171709336
0.253191006878606,2.9283333333333337,4840.688556266579,4.334278548870316,0.9700685625538544
0.2762989982526012,2.9283333333333337,4840.162505170126,3.8082274524167588,0.9677344455170626
0.3015159873825738,2.9283333333333337,4839.65842452723,3.3041468095207165,0.9652354495126938
0.3290344562312668,2.9283333333333337,4839.186766966972,2.832489249262835,0.9625619974711591
0.3590644540186084,2.9283333333333337,4838.759866796934,2.4055890792251375,0.9597039397055982
0.3918352005331102,2.9283333333333337,4838.392194084032,2.037916366322861,0.9566504625031366
0.4275968357727379,2.9283333333333337,4838.100636146119,1.7463584284096214,0.9533911487144308
0.4666223292703073,2.9283333333333337,4837.904808938453,1.550531220744233,0.9499144650776479
0.5092095636773398,2.9283333333333337,4837.827401069803,1.4731233520942624,0.9462084146302678
0.555683608510431,2.9283333333333337,4837.894553456991,1.5402757392821513,0.9422608150227055
0.606399201415696,2.9283333333333337,4838.136277933937,1.7820002162279707,0.9380589418515444
0.6617434558908557,2.9283333333333337,4838.586918466303,2.232640748594349,0.9335893157675257
0.7221388161330753,2.9283333333333337,4839.28565898764,2.93138126993108,0.9288382767834109
0.7880462815669914,2.9283333333333337,4840.277082267215,3.9228045495055994,0.9237913939408485
0.8599689256658395,2.9283333333333337,4841.611784643565,5.257506925856433,0.9184338370559579
0.9384557359249337,2.9283333333333337,4843.347051911702,6.992774193992773,0.9127500294005988
1.0241058042981246,2.9283333333333337,4845.547602136792,9.193324419083183,0.9067238877129159
1.1175729000829515,2.9283333333333337,4848.286401685247,11.932123967538246,0.9003387642954074
1.2195704601594417,2.9283333333333337,4851.645561317724,15.29128360001505,0.8935771620934689
1.3308770346731866,2.9283333333333337,4855.717319781963,19.363042064253932,0.8864210984478789
1.452342229729745,2.9283333333333337,4860.605122981209,24.250845263500196,0.8788518745535628
1.5848931924611134,2.9283333333333337,4866.424807482979,30.070529765270294,0.8708500167210923
0.12589254117941673,2.996666666666667,4845.323908794216,8.96963107650663,0.984496225684757
0.13738237958832628,2.996666666666667,4844.842122509862,8.487844792152828,0.9832154740399743
0.1499208614309617,2.996666666666667,4844.340119817432,7.985842099723413,0.9818357607148814
0.16360369327968372,2.996666666666667,4843.819218282476,7.464940564766948,0.9803503338020091
0.17853531656152205,2.996666666666667,4843.281253256655,6.926975538945953,0.9787519727953803
0.19482970476242364,2.996666666666667,4842.728671387449,6.3743936697401296,0.9770333491157419
0.2126112333899656,2.996666666666667,4842.164636973236,5.810359255527146,0.9751865277230178
0.23201562933498188,2.996666666666667,4841.593152473415,5.238874755706092,0.9732032581376873
0.253191006878606,2.996666666666667,4841.019194566526,4.664916848816574,0.9710750727777543
0.2762989982526012,2.996666666666667,4840.448867240068,4.094589522358547,0.9687929761573012
0.3015159873825738,2.996666666666667,4839.889573496388,3.5352957786790284,0.9663474092483292
0.3290344562312668,2.996666666666667,4839.350207373134,2.9959296554252433,0.9637288176553772
0.3590644540186084,2.996666666666667,4838.841368105848,2.4870903881392223,0.9609268982263908
0.3918352005331102,2.996666666666667,4838.375598411163,2.021320693454072,0.9579308271086675
0.4275968357727379,2.996666666666667,4837.967649040202,1.6133713224926396,0.9547300842007781
0.4666223292703073,2.996666666666667,4837.634771948836,1.280494231126795,0.9513130355665195
0.5092095636773398,2.996666666666667,4837.397044658187,1.0427669404780318,0.9476675783185944
0.555683608510431,2.996666666666667,4837.27772863129,0.9234509135812914,0.943781581213925
0.606399201415696,2.996666666666667,4837.303664778145,0.9493870604355834,0.9396419423507602
0.6617434558908557,2.996666666666667,4837.505709517404,1.151431799695274,0.9352354353939997
0.7221388161330753,2.996666666666667,4837.91921517114,1.564937453431412,0.9305479908931409
0.7880462815669914,2.996666666666667,4838.584558848724,2.2302811310146353,0.9255654398626161
0.8599689256658395,2.996666666666667,4839.547724387312,3.193446669602963,0.9202725465702801
0.9384557359249337,2.996666666666667,4840.860942359138,4.50666464142887,0.9146538338871495
1.0241058042981246,2.996666666666667,4842.583393631388,6.2291159136793794,0.9086930999750772
1.1175729000829515,2.996666666666667,4844.781982472743,8.427704755034028,0.9023735545124253
1.2195704601594417,2.996666666666667,4847.532185744691,11.17790802698164,0.8956777022509798
1.3308770346731866,2.996666666666667,4850.918985297841,14.564707580131653,0.8885874015208401
1.452342229729745,2.996666666666667,4855.037891317797,18.683613600088393,0.8810838940260828
1.5848931924611134,2.996666666666667,4859.996065037041,23.641787319332252,0.8731476179415517
0.12589254117941673,3.0650000000000004,4845.7197288713105,9.365451153601498,0.985013424502754
0.13738237958832628,3.0650000000000004,4845.246149846045,8.891872128336217,0.9837626653874917
0.1499208614309617,3.0650000000000004,4844.750131926994,8.395854209285062,0.9824142253844075
0.16360369327968372,3.0650000000000004,4844.232525302802,7.87824758509305,0.9809612639397733
0.17853531656152205,3.0650000000000004,4843.6946344785965,7.340356760887516,0.9793965886091448
0.19482970476242364,3.0650000000000004,4843.138304510496,6.78402679278679,0.9777127231799545
0.2126112333899656,3.0650000000000004,4842.566019478665,6.211741760956102,0.9759018220074402
0.23201562933498188,3.0650000000000004,4841.981014506016,5.626736788307426,0.9739555479996175
0.253191006878606,3.0650000000000004,4841.387402714219,5.033124996510196,0.9718653890722032
0.2762989982526012,3.0650000000000004,4840.790318597291,4.436040879581924,0.9696219743751119
0.3015159873825738,3.0650000000000004,4840.196079389426,3.841801671716894,0.9672161550313906
0.3290344562312668,3.0650000000000004,4839.612366107626,3.2580883899172477,0.9646379830789493
0.3590644540186084,3.0650000000000004,4839.048426069322,2.6941483516129665,0.9618771997308841
0.3918352005331102,3.0650000000000004,4838.515298818164,2.1610211004554003,0.958922695283381
0.4275968357727379,3.0650000000000004,4838.0260675466425,1.6717898289334698,0.9557639965020641
0.4666223292703073,3.0650000000000004,4837.596138279451,1.2418605617422145,0.9523892522375712
0.5092095636773398,3.0650000000000004,4837.243549287761,0.8892715700521876,0.948786366846846
0.555683608510431,3.0650000000000004,4836.989313434576,0.635035716866696,0.9449428322114439
0.606399201415696,3.0650000000000004,4836.85779641585,0.5035186981413062,0.9408455902685374
0.6617434558908557,3.0650000000000004,4836.877134157231,0.5228564395220019,0.9364814490834414
0.7221388161330753,3.0650000000000004,4837.079692955336,0.7254152376272032,0.9318361456924315
0.7880462815669914,3.0650000000000004,4837.502576314802,1.1482985970933441,0.9268951498585554
0.8599689256658395,3.0650000000000004,4838.188182829292,1.8339051115826805,0.9216433464790212
0.9384557359249337,3.0650000000000004,4839.184819885053,2.8305421673439923,0.9160651261661612
1.0241058042981246,3.0650000000000004,4840.547378431071,4.193100713361673,0.9101442493601105
1.1175729000829515,3.0650000000000004,4842.338074560326,5.9837968426172665,0.903863667402838
1.2195704601594417,3.0650000000000004,4844.627264183866,8.272986466156908,0.8972058825614524
1.3308770346731866,3.0650000000000004,4847.494337655575,11.140059937865772,0.8901527006164629
1.452342229729745,3.0650000000000004,4851.028701823804,14.674424106095103,0.8826851468956863
1.5848931924611134,3.0650000000000004,4855.330857650709,18.97657993299981,0.8747836161733563
0.12589254117941673,3.1333333333333337,4846.0714740998,9.71719638209106,0.9854096828562383
0.13738237958832628,3.1333333333333337,4845.608425003735,9.254147286025727,0.9841812134429336
0.1499208614309617,3.1333333333333337,4845.121466129155,8.767188411446114,0.982855633112598
0.16360369327968372,3.1333333333333337,4844.6110893935975,8.256811675888457,0.9814261628134123
0.17853531656152205,3.1333333333333337,4844.078191766185,7.723914048476217,0.9798858280521293
0.19482970476242364,3.1333333333333337,4843.524155950629,7.169878232920382,0.9782267957208024
0.2126112333899656,3.1333333333333337,4842.950942814096,6.596665096387369,0.9764413325120288
0.23201562933498188,3.1333333333333337,4842.3611968654695,6.006919147760527,0.9745209071589489
0.253191006878606,3.1333333333333337,4841.75836617648,5.404088458771184,0.9724569083207751
0.2762989982526012,3.1333333333333337,4841.146838231315,4.792560513606077,0.9702400763440417
0.3015159873825738,3.1333333333333337,4840.532093287703,4.177815569993982,0.9678609899039754
0.3290344562312668,3.1333333333333337,4839.920876935679,3.566599217970179,0.9653096911816311
0.3590644540186084,3.1333333333333337,4839.32139365376,2.967115936051414,0.9625755478689251
0.3918352005331102,3.1333333333333337,4838.743523288706,2.389245570996536,0.9596479564165609
0.4275968357727379,3.1333333333333337,4838.199062526462,1.8447848087525927,0.9565152124856007
0.4666223292703073,3.1333333333333337,4837.701993586764,1.3477158690548094,0.9531661609800562
0.5092095636773398,3.1333333333333337,4837.268782557143,0.9145048394339028,0.9495884572073681
0.555683608510431,3.1333333333333337,4836.918709998728,0.5644322810194353,0.9457692268239221
0.606399201415696,3.1333333333333337,4836.674236696552,0.31995897884280566,0.9416956242659313
0.6617434558908557,3.1333333333333337,4836.56140770362,0.20712998591079668,0.9373537701529385
0.7221388161330753,3.1333333333333337,4836.610298136303,0.2560204185938346,0.9327296145852064
0.7880462815669914,3.1333333333333337,4836.855504522884,0.5012268051750652,0.9278084346166596
0.8599689256658395,3.1333333333333337,4837.336685886785,0.9824081690758248,0.9225749793665392
0.9384557359249337,3.1333333333333337,4838.099159162622,1.7448814449126075,0.9170134277847622
1.0241058042981246,3.1333333333333337,4839.194553996876,2.8402762791665737,0.9111073773613232
1.1175729000829515,3.1333333333333337,4840.681532476746,4.327254759036805,0.9048398907095302
1.2195704601594417,3.1333333333333337,4842.626579861802,6.2723021440933735,0.8981930602160972
1.3308770346731866,3.1333333333333337,4845.104872965444,8.750595247734964,0.8911487974570342
1.452342229729745,3.1333333333333337,4848.2012334491465,11.846955731437447,0.883687924621565
1.5848931924611134,3.1333333333333337,4852.01117395663,15.656896238921036,0.8757908099739431
0.12589254117941673,3.2016666666666667,4846.374652238905,10.020374521195663,0.9856943419937612
0.13738237958832628,3.2016666666666667,4845.922964690053,9.56868697234404,0.9844806616484784
0.1499208614309617,3.2016666666666667,4845.44645867329,9.09218095558117,0.9831701298444704
0.16360369327968372,3.2016666666666667,4844.945355520293,8.59107780258364,0.9817560401306104
0.17853531656152205,3.2016666666666667,4844.420243664566,8.065965946857432,0.9802309738201423
0.19482970476242364,3.2016666666666667,4843.872155247344,7.517877529635371,0.9785875495930823
0.2126112333899656,3.2016666666666667,4843.302654108328,6.94837639061916,0.9768174266229663
0.23201562933498188,3.2016666666666667,4842.713936458435,6.359658740725536,0.9749124877848103
0.253191006878606,3.2016666666666667,4842.108945627297,5.754667909587624,0.9728635796626234
0.2762989982526012,3.2016666666666667,4841.491502377569,5.137224659860294,0.970661622587405
0.3015159873825738,3.2016666666666667,4840.8664523791695,4.512174661460449,0.9682969462275833
0.3290344562312668,3.2016666666666667,4840.239832544494,3.8855548267847553,0.9657593412431122
0.3590644540186084,3.2016666666666667,4839.619058039836,3.2647803221270806,0.9630383633780165
0.3918352005331102,3.2016666666666667,4839.01313191261,2.6588541949013234,0.9601229006945087
0.4275968357727379,3.2016666666666667,4838.432879412592,2.0786016948832184,0.9570012565219438
0.4666223292703073,3.2016666666666667,4837.891209239964,1.536931522255145,0.9536621189722738
0.5092095636773398,3.2016666666666667,4837.403404127433,1.0491264097236126,0.9500927695622966
0.555683608510431,3.2016666666666667,4836.987443365452,0.6331656477432261,0.9462804264957456
0.606399201415696,3.2016666666666667,4836.664360104255,0.31008238654612796,0.942211909326279
0.6617434558908557,3.2016666666666667,4836.458636525388,0.10435880767909111,0.9378731210712935
0.7221388161330753,3.2016666666666667,4836.398640265618,0.044362547909258865,0.933249908332136
0.7880462815669914,3.2016666666666667,4836.51710580206,0.1628280843506218,0.9283273041051132
0.8599689256658395,3.2016666666666667,4836.8516648701625,0.4973871524534843,0.9230900051969667
0.9384557359249337,3.2016666666666667,4837.445430387369,1.091152669660005,0.9175219022698228
1.0241058042981246,3.2016666666666667,4838.3476387959945,1.9933610782854885,0.9116065014344755
1.1175729000829515,3.2016666666666667,4839.614356220645,3.260078502936267,0.9053266333559509
1.2195704601594417,3.2016666666666667,4841.309254359727,4.954976642017755,0.8986644383394893
1.3308770346731866,3.2016666666666667,4843.5044625992505,7.150184881541463,0.8916014037514584
1.452342229729745,3.2016666666666667,4846.281503453106,9.92722573539686,0.8841185017548345
1.5848931924611134,3.2016666666666667,4849.732319100291,13.378041382581614,0.8761956967666871
0.12589254117941673,3.27,4846.627874506475,10.273596788765644,0.9858742536935572
0.13738237958832628,3.27,4846.187314020832,9.833036303122753,0.9846682588946936
0.1499208614309617,3.27,4845.721443929839,9.367166212129632,0.9833654150460154
0.16360369327968372,3.27,4845.230287800719,8.876010083010442,0.9819586642225095
0.17853531656152205,3.27,4844.714207662622,8.359929944913347,0.9804406785257787
0.19482970476242364,3.27,4844.1739777563525,7.819700038643532,0.9788036966486368
0.2126112333899656,3.27,4843.610869448464,7.256591730754735,0.9770396744805406
0.23201562933498188,3.27,4843.026748601556,6.672470883847382,0.9751399581219907
0.253191006878606,3.27,4842.424186793837,6.0699090761281695,0.9730956730864124
0.2762989982526012,3.27,4841.806587885054,5.452310167344876,0.9708973355815907
0.3015159873825738,3.27,4841.178331534182,4.8240538164727695,0.9685352121952346
0.3290344562312668,3.27,4840.544935386625,4.190657668916174,0.9659988586880298
0.3590644540186084,3.27,4839.913237768448,3.558960050739188,0.9632776343055514
0.3918352005331102,3.27,4839.291602852305,2.9373251345959943,0.960360471239464
0.4275968357727379,3.27,4838.6901503989975,2.3358726812884925,0.9572352613405798
0.4666223292703073,3.27,4838.1210123328365,1.7667346151274614,0.9538905100277318
0.5092095636773398,3.27,4837.598618577411,1.2443408597018788,0.950313432296098
0.555683608510431,3.27,4837.140014774071,0.7857370563615405,0.9464909936710233
0.606399201415696,3.27,4836.76521471941,0.4109370017013134,0.9424095513996305
0.6617434558908557,3.27,4836.497590604797,0.14331288708763168,0.938055069046367
0.7221388161330753,3.27,4836.364304416925,0.010026699215814006,0.9334131144233438
0.7880462815669914,3.27,4836.39678416917,0.0425064514611222,0.9284684646842364
0.8599689256658395,3.27,4836.6312489811135,0.2769712634044481,0.9232055960578609
0.9384557359249337,3.27,4837.109287410107,0.7550096923978344,0.9176082295085944
1.0241058042981246,3.27,4837.878493866743,1.524216149034146,0.9116598116725267
1.1175729000829515,3.27,4838.993168417432,2.6388906997226513,0.9053426730155248
1.2195704601594417,3.27,4840.5150857940025,4.160808076293506,0.8986390026347969
1.3308770346731866,3.27,4842.514339995523,6.160062277814177,0.8915301443905119
1.452342229729745,3.27,4845.070271483477,8.715993765767962,0.8839967407606792
1.5848931924611134,3.27,4848.272484642164,11.918206924455262,0.876018776725383
0.12589254117941673,3.3383333333333334,4846.8317796353585,10.477501917649533,0.9859545781249826
0.13738237958832628,3.3383333333333334,4846.401369035701,10.047091317991544,0.9847496379762771
0.1499208614309617,3.3383333333333334,4845.945462350528,9.591184632819022,0.9834471098813993
0.16360369327968372,3.3383333333333334,4845.463947564719,9.109669847010082,0.9820400009203935
0.17853531656152205,3.3383333333333334,4844.957030562512,8.602752844803035,0.9805208130888889
0.19482970476242364,3.3383333333333334,4844.425307026525,8.071029308815923,0.9788819065888814
0.2126112333899656,3.3383333333333334,4843.86984541349,7.515567695781101,0.977114605935397
0.23201562933498188,3.3383333333333334,4843.292282301622,6.9380045839134254,0.9752105593896591
0.253191006878606,3.3383333333333334,4842.694931508455,6.340653790745819,0.9731605043395564
0.2762989982526012,3.3383333333333334,4842.08090848707,5.726630769360781,0.9709548266371026
0.3015159873825738,3.3383333333333334,4841.45427162108,5.099993903370887,0.9685836557628441
0.3290344562312668,3.3383333333333334,4840.820182157094,4.465904439384758,0.9660364124726155
0.3590644540186084,3.3383333333333334,4840.185084638366,3.830806920656869,0.9633021596991309
0.3918352005331102,3.3383333333333334,4839.556909836044,3.2026321183348045,0.9603695945614503
0.4275968357727379,3.3383333333333334,4838.9453023175665,2.591024599857519,0.9572265169938192
0.4666223292703073,3.3383333333333334,4838.361874948545,2.007597230835927,0.9538611272672104
0.5092095636773398,3.3383333333333334,4837.820492794504,1.466215076795379,0.9502603626976226
0.555683608510431,3.3383333333333334,4837.337589081679,0.9833113639697331,0.9464109109909332
0.606399201415696,3.3383333333333334,4836.932516086935,0.5782383692258009,0.942299073541624
0.6617434558908557,3.3383333333333334,4836.627934066483,0.2736563487742387,0.9379104624649129
0.7221388161330753,3.3383333333333334,4836.4502416004225,0.09596388271347678,0.933230224220664
0.7880462815669914,3.3383333333333334,4836.430051030352,0.07577331264292297,0.9282433124676639
0.8599689256658395,3.3383333333333334,4836.602713003591,0.24843528588189656,0.9229335373604381
0.9384557359249337,3.3383333333333334,4837.008894512165,0.6546167944561603,0.9172846530646421
1.0241058042981246,3.3383333333333334,4837.6952152323065,1.340937514597499,0.9112795964040595
1.1175729000829515,3.3383333333333334,4838.714947432091,2.360669714382311,0.9049007344130267
1.2195704601594417,3.3383333333333334,4840.1287852255045,3.7745075077955335,0.898129952452468
1.3308770346731866,3.3383333333333334,4842.005689513266,5.651411795556669,0.890948396842409
1.452342229729745,3.3383333333333334,4844.423815568065,8.069537850356028,0.8833365285929325
1.5848931924611134,3.3383333333333334,4847.471530898347,11.117253180637817,0.8752742248928644
0.12589254117941673,3.4066666666666667,4846.988244813871,10.633967096161541,0.9859391741409608
0.13738237958832628,3.4066666666666667,4846.566515367678,10.212237649969211,0.9847284361866767
0.1499208614309617,3.4066666666666667,4846.119319742966,9.765042025256662,0.9834192281844703
0.16360369327968372,3.4066666666666667,4845.646464465319,9.292186747609776,0.982004170899433
0.17853531656152205,3.4066666666666667,4845.148060816389,8.793783098680251,0.9804758162190175
0.19482970476242364,3.4066666666666667,4844.624595745214,8.2703180275048,0.9788261672403642
0.2126112333899656,3.4066666666666667,4844.077013882346,7.722736164637354,0.9770468144151073
0.23201562933498188,3.4066666666666667,4843.506811966804,7.15253424909497,0.9751287007472579
0.253191006878606,3.4066666666666667,4842.91614710293,6.561869385221144,0.9730627293589336
0.2762989982526012,3.4066666666666667,4842.307960375502,5.953682657793252,0.9708390575129819
0.3015159873825738,3.4066666666666667,4841.686117468562,5.331839750852851,0.9684474958921796
0.3290344562312668,3.4066666666666667,4841.055568055823,4.701290338113722,0.9658772700132702
0.3590644540186084,3.4066666666666667,4840.4225258605875,4.068248142878474,0.9631173280460686
0.3918352005331102,3.4066666666666667,4839.794671420865,3.440393703155678,0.9601559464407904
0.4275968357727379,3.4066666666666667,4839.181379744281,2.8271020265719926,0.9569807097065365
0.4666223292703073,3.4066666666666667,4838.593975197788,2.2396974800785756,0.9535797523651889
0.5092095636773398,3.4066666666666667,4838.046016151545,1.6917384338357806,0.9499395869050536
0.555683608510431,3.4066666666666667,4837.553612091187,1.1993343734775408,0.946046637708069
0.606399201415696,3.4066666666666667,4837.135776123715,0.7814984060059942,0.941886925236522
0.6617434558908557,3.4066666666666667,4836.814816040459,0.460538322749926,0.9374458425203577
0.7221388161330753,3.4066666666666667,4836.616767364318,0.2624896466086284,0.9327082764970351
0.7880462815669914,3.4066666666666667,4836.57187210349,0.21759438578101253,0.9276586252141065
0.8599689256658395,3.4066666666666667,4836.715107263355,0.3608295456460837,0.922280789287458
0.9384557359249337,3.4066666666666667,4837.086767536108,0.7324898183987898,0.9165580989316974
1.0241058042981246,3.4066666666666667,4837.73310699783,1.3788292801209536,0.9104732455160716
1.1175729000829515,3.4066666666666667,4838.707045099154,2.352767381445119,0.904008336008697
1.2195704601594417,3.4066666666666667,4840.06894274264,3.714665024930582,0.8971449817421836
1.3308770346731866,3.4066666666666667,4841.887454801556,5.533177083846567,0.8898640884986039
1.452342229729745,3.4066666666666667,4844.240466055698,7.886188337988642,0.8821459383254995
1.5848931924611134,3.4066666666666667,4847.21611820472,10.86184048701125,0.8739702549600148
0.12589254117941673,3.475,4847.099807443052,10.745529725342749,0.9858306083904376
0.13738237958832628,3.475,4846.684993819834,10.330716102124825,0.9846074361150672
0.1499208614309617,3.475,4846.244892978968,9.890615261258972,0.9832841886443122
0.16360369327968372,3.475,4845.779277709391,9.424999991681943,0.9818536674865732
0.17853531656152205,3.475,4845.288219528375,8.933941810665601,0.9803081292580167
0.19482970476242364,3.475,4844.7721594075065,8.417881689797468,0.9786392824688139
0.2126112333899656,3.475,4844.2319897205125,7.8777120028034915,0.9768386057266911
0.23201562933498188,3.475,4843.669148751345,7.3148710336363365,0.974897028485558
0.253191006878606,3.475,4843.085729210985,6.731451493275927,0.9728050462046863
0.2762989982526012,3.475,4842.4846023262035,6.130324608494448,0.9705524885841462
0.3015159873825738,3.475,4841.86955918439,5.51528146668079,0.9681291216302947
0.3290344562312668,3.475,4841.245471144792,4.891193427082726,0.9655239520527927
0.3590644540186084,3.475,4840.61847126169,4.264193543980582,0.9627255309502504
0.3918352005331102,3.475,4839.996158807478,3.641881089769413,0.9597219830451391
0.4275968357727379,3.475,4839.387829137053,3.033551419343894,0.9565005090118323
0.4666223292703073,3.475,4838.804731301395,2.450453583685885,0.9530489700989936
0.5092095636773398,3.475,4838.260355995747,1.9060782780379668,0.9493536287328123
0.555683608510431,3.475,4837.770756627826,1.4164789101168935,0.9454006412977586
0.606399201415696,3.475,4837.35490650449,1.0006287867809078,0.9411756085374804
0.6617434558908557,3.475,4837.035095375506,0.6808176577969789,0.9366637272047998
0.7221388161330753,3.475,4836.837368837076,0.4830911193666907,0.9318495753807022
0.7880462815669914,3.475,4836.792014391636,0.43773667392724747,0.9267171181939929
0.8599689256658395,3.475,4836.934098288139,0.5798205704295469,0.9212500679865308
0.9384557359249337,3.475,4837.3040576322555,0.9497799145465251,0.9154312781933708
1.0241058042981246,3.475,4837.948352663909,1.5940749461997257,0.9092432576278604
1.1175729000829515,3.475,4838.920184554707,2.565906836997783,0.902667934513805
1.2195704601594417,3.475,4840.280284585634,3.9260068679250253,0.8956865616056667
1.3308770346731866,3.475,4842.097781130824,5.743503413114922,0.888279775841197
1.452342229729745,3.475,4844.451151502017,8.096873784307718,0.8804276163788144
1.5848931924611134,3.475,4847.429266405972,11.074988688263147,0.8721095379007165
0.12589254117941673,3.5433333333333334,4847.169251995541,10.814974277832334,0.9856302376152413
0.13738237958832628,3.5433333333333334,4846.7594409598805,10.405163242171511,0.9843877613894559
0.1499208614309617,3.5433333333333334,4846.324622179061,9.970344461352397,0.9830434414651993
0.16360369327968372,3.5433333333333334,4845.864577344242,9.510299626533197,0.9815897146978058
0.17853531656152205,3.5433333333333334,4845.37938784009,9.025110122381193,0.9800187433543588
0.19482970476242364,3.5433333333333334,4844.86950609257,8.51522837486118,0.9783220880562212
0.2126112333899656,3.5433333333333334,4844.335838337646,7.981560619937227,0.9764910276266445
0.23201562933498188,3.5433333333333334,4843.779840188318,7.425562470609293,0.9745160735207138
0.253191006878606,3.5433333333333334,4843.203626492246,6.849348774537248,0.9723877641370229
0.2762989982526012,3.5433333333333334,4842.610097091501,6.255819373792292,0.9700955623451706
0.3015159873825738,3.5433333333333334,4842.003080222166,5.648802504457308,0.9676289187162128
0.3290344562312668,3.5433333333333334,4841.387495422739,5.033217705030438,0.9649765435275409
0.3590644540186084,3.5433333333333334,4840.769537960779,4.415260243070406,0.962126922089935
0.3918352005331102,3.5433333333333334,4840.156886934623,3.802609216913879,0.9590675064585815
0.4275968357727379,3.5433333333333334,4839.5589393674,3.2046616496909337,0.9557855610948993
0.4666223292703073,3.5433333333333334,4838.987072779177,2.632795061467732,0.9522683664833285
0.5092095636773398,3.5433333333333334,4838.454938909303,2.1006611915936446,0.9485020496056722
0.555683608510431,3.5433333333333334,4837.9787914623475,1.6245137446385343,0.9444722469873538
0.606399201415696,3.5433333333333334,4837.577850969559,1.2235732518502118,0.9401643989102301
0.6617434558908557,3.5433333333333334,4837.274710100592,0.9204323828826091,0.9355631680997386
0.7221388161330753,3.5433333333333334,4837.095783026505,0.7415053087961496,0.9306528782070741
0.7880462815669914,3.5433333333333334,4837.0718027308,0.71752501309129,0.9254172514377969
0.8599689256658395,3.5433333333333334,4837.238370493956,0.884092776246689,0.9198395376229291
0.9384557359249337,3.5433333333333334,4837.636562143683,1.2822844259735575,0.9139023458638718
1.0241058042981246,3.5433333333333334,4838.3135960729005,1.959318355191499,0.9075878470240655
1.1175729000829515,3.5433333333333334,4839.323568486227,2.969290768517567,0.9008775460161293
1.2195704601594417,3.5433333333333334,4840.728261849374,4.373984131664656,0.8937524423459583
1.3308770346731866,3.5433333333333334,4842.5980330906505,6.24375537294145,0.8861929478860631
1.452342229729745,3.5433333333333334,4845.012788746238,8.658511028528665,0.8781788900114711
1.5848931924611134,3.5433333333333334,4848.063054957525,11.7087772398163,0.8696893454225951
0.12589254117941673,3.611666666666667,4847.199329410287,10.845051692577726,0.985338534449128
0.13738237958832628,3.611666666666667,4846.792570159614,10.438292441905105,0.9840698557849092
0.1499208614309617,3.611666666666667,4846.361151671543,10.006873953833747,0.9826969650026891
0.16360369327968372,3.611666666666667,4845.904903415595,9.550625697886062,0.9812121304948914
0.17853531656152205,3.611666666666667,4845.423962476501,9.069684758792391,0.9796074479740567
0.19482970476242364,3.611666666666667,4844.9188463753235,8.564568657614473,0.9778741556007987
0.2126112333899656,3.611666666666667,4844.390537587822,8.0362598701131,0.9760031921457495
0.23201562933498188,3.611666666666667,4843.840581184534,7.48630346682512,0.9739850974003686
0.253191006878606,3.611666666666667,4843.271197137758,6.9169194200485435,0.9718097740547758
0.2762989982526012,3.611666666666667,4842.685408967133,6.331131249424288,0.9694668064503545
0.3015159873825738,3.611666666666667,4842.087190527607,5.732912809898153,0.9669450710739531
0.3290344562312668,3.611666666666667,4841.481632883021,5.12735516531211,0.9642331127641178
0.3590644540186084,3.611666666666667,4840.875133354935,4.520855637226305,0.9613189854282899
0.3918352005331102,3.611666666666667,4840.27560899184,3.921331274131262,0.9581897577010728
0.4275968357727379,3.611666666666667,4839.692736870225,3.338459152516407,0.9548330001296761
0.4666223292703073,3.611666666666667,4839.138223814076,2.78394609636689,0.9512347548532257
0.5092095636773398,3.611666666666667,4838.626108312987,2.2718305952776063,0.9473811742496328
0.555683608510431,3.611666666666667,4838.173097622716,1.8188199050073308,0.9432575839730407
0.606399201415696,3.611666666666667,4837.798943258074,1.4446655403653494,0.9388488939718928
0.6617434558908557,3.611666666666667,4837.526858332831,1.1725806151216602,0.9341395360409739
0.7221388161330753,3.611666666666667,4837.383980471648,1.029702753939091,0.9291134573193062
0.7880462815669914,3.611666666666667,4837.401884317523,1.0476065998136619,0.9237539474047798
0.8599689256658395,3.611666666666667,4837.617147990018,1.2628702723086462,0.9180438631844366
0.9384557359249337,3.611666666666667,4838.071978220054,1.7177005023449965,0.9119655460464132
1.0241058042981246,3.611666666666667,4838.814899301866,2.4606215841567973,0.9055007133306705
1.1175729000829515,3.611666666666667,4839.9015114689155,3.547233751206477,0.8986306001123543
1.2195704601594417,3.611666666666667,4841.395324824726,5.041047107017221,0.8913358309636343
1.3308770346731866,3.611666666666667,4843.368675549305,7.014397831596398,0.8835966452085119
1.452342229729745,3.611666666666667,4845.903731764458,9.549454046748906,0.8753924180945244
1.5848931924611134,3.611666666666667,4849.093597183975,12.739319466266352,0.8667020754298426
0.12589254117941673,3.68,4847.192581677331,10.838303959621953,0.9849547524319291
0.13738237958832628,3.68,4846.786965506163,10.432687788454132,0.9836526472080817
0.1499208614309617,3.68,4846.357091498938,10.002813781228724,0.9822435279173809
0.16360369327968372,3.68,4845.902873474092,9.548595756383293,0.980719671723515
0.17853531656152205,3.68,4845.424547771245,9.07027005353575,0.9790726416597321
0.19482970476242364,3.68,4844.922748458064,8.568470740355224,0.9772935166865382
0.2126112333899656,3.68,4844.398594594186,8.044316876476842,0.9753729868770593
0.23201562933498188,3.68,4843.853791029653,7.499513311943701,0.9733013739513925
0.253191006878606,3.68,4843.290744343489,6.936466625779758,0.9710682909900975
0.2762989982526012,3.68,4842.7126956626225,6.358417944913526,0.9686629584403577
0.3015159873825738,3.68,4842.123872242162,5.769594524453169,0.9660740618715037
0.3290344562312668,3.68,4841.529659836323,5.175382118613925,0.9632896093965875
0.3590644540186084,3.68,4840.936798045742,4.582520328032842,0.9602974813304171
0.3918352005331102,3.68,4840.353600990638,3.9993232729293595,0.9570843295905591
0.4275968357727379,3.68,4839.79020583624,3.4359281185306827,0.9536372948190636
0.4666223292703073,3.68,4839.258851879292,2.9045741615827865,0.94994221284806
0.5092095636773398,3.68,4838.774193106977,2.4199153892677714,0.9459847862135813
0.555683608510431,3.68,4838.353647349912,1.9993696322026153,0.9417498287739106
0.606399201415696,3.68,4838.017785382881,1.6635076651718919,0.9372220055320651
0.6617434558908557,3.68,4837.790763577259,1.4364858595499754,0.932385230095456
0.7221388161330753,3.68,4837.700803983467,1.346526265758257,0.9272230808680166
0.7880462815669914,3.68,4837.780726024488,1.4264483067790934,0.9217184051393105
0.8599689256658395,3.68,4838.068534317412,1.7142565997028214,0.9158538190174814
0.9384557359249337,3.68,4838.608067515802,2.253789798092839,0.9096111153301896
1.0241058042981246,3.68,4839.449713487517,3.0954357698083186,0.902971724460699
1.1175729000829515,3.68,4840.651196619196,4.296918901486606,0.8959165315192792
1.2195704601594417,3.68,4842.278443576998,5.924165859289133,0.8884258465568979
1.3308770346731866,3.68,4844.406534462767,8.052256745058003,0.8804793127576952
1.452342229729745,3.68,4847.12074699351,10.766469275800773,0.8720562712314972
1.5848931924611134,3.68,4850.517702108471,14.163424390761975,0.8631352378999502
0.12589254117941673,3.7483333333333335,4847.151247235937,10.796969518228252,0.9844770156172247
0.13738237958832628,3.7483333333333335,4846.744964266232,10.390686548523263,0.9831341496693201
0.1499208614309617,3.7483333333333335,4846.31487522353,9.96059750582117,0.9816810698852768
0.16360369327968372,3.7483333333333335,4845.861014132481,9.506736414771694,0.9801096883017442
0.17853531656152205,3.7483333333333335,4845.383759543105,9.029481825396033,0.9784113164323709
0.19482970476242364,3.7483333333333335,4844.883913100833,8.529635383123605,0.9765768717065278
0.2126112333899656,3.7483333333333335,4844.362790628048,8.00851291033905,0.9745968622040316
0.23201562933498188,3.7483333333333335,4843.822327253395,7.468049535686077,0.9724610197756184
0.253191006878606,3.7483333333333335,4843.265198261613,6.910920543903558,0.9701588507154478
0.2762989982526012,3.7483333333333335,4842.694957479707,6.340679761998217,0.967679111863445
0.3015159873825738,3.7483333333333335,4842.116195166885,5.7619174491755984,0.9650103197282205
0.3290344562312668,3.7483333333333335,4841.534717533935,5.180439816225771,0.9621401611330664
0.3590644540186084,3.7483333333333335,4840.957750185933,4.603472468224027,0.9590558422808981
0.3918352005331102,3.7483333333333335,4840.394167958212,4.039890240503155,0.9557439068571706
0.4275968357727379,3.7483333333333335,4839.854753802246,3.5004760845367855,0.9521910895892847
0.4666223292703073,3.7483333333333335,4839.352489574552,2.998211856843227,0.9483826863762566
0.5092095636773398,3.7483333333333335,4838.902881792899,2.548604075190269,0.9443040588942165
0.555683608510431,3.7483333333333335,4838.524325645251,2.1700479275423277,0.9399396298188576
0.606399201415696,3.7483333333333335,4838.238510777407,1.88423305969809,0.9352736230414657
0.6617434558908557,3.7483333333333335,4838.070872643114,1.7165949254049337,0.9302894484193295
0.7221388161330753,3.7483333333333335,4838.051093481408,1.6968157636993055,0.9249703843370221
0.7880462815669914,3.7483333333333335,4838.2136572947265,1.8593795770175348,0.9192988362587318
0.8599689256658395,3.7483333333333335,4838.598463543284,2.2441858255751868,0.9132569239178633
0.9384557359249337,3.7483333333333335,4839.25150465408,2.8972269363712257,0.906825899106742
1.0241058042981246,3.7483333333333335,4840.225612874317,3.8713351566084384,0.8999871037821898
1.1175729000829515,3.7483333333333335,4841.581282487712,5.227004770003077,0.8927208620118401
1.2195704601594417,3.7483333333333335,4843.387573968802,7.0332962510929065,0.885007090001366
1.3308770346731866,3.7483333333333335,4845.723107283424,9.368829565714805,0.8768252740239157
1.452342229729745,3.7483333333333335,4848.677152264006,12.322874546296589,0.8681542173869844
1.5848931924611134,3.7483333333333335,4852.350824805077,15.996547087367617,0.8589722830250551
0.12589254117941673,3.816666666666667,4847.0772260424965,10.722948324787467,0.983902312498152
0.13738237958832628,3.816666666666667,4846.66860647708,10.314328759371165,0.9825110509549124
0.1499208614309617,3.816666666666667,4846.236692515113,9.882414797403726,0.9810058397408218
0.16360369327968372,3.816666666666667,4845.781675208547,9.427397490838302,0.979378157295817
0.17853531656152205,3.816666666666667,4845.304119476304,8.94984175859463,0.9776192339517521
0.19482970476242364,3.816666666666667,4844.80504708123,8.450769363521431,0.9757196519582614
0.2126112333899656,3.816666666666667,4844.286032680768,7.9317549630586655,0.9736695528039823
0.23201562933498188,3.816666666666667,4843.7493145532235,7.395036835514475,0.9714583105721167
0.253191006878606,3.816666666666667,4843.197921746686,6.843644028976996,0.9690752616241108
0.2762989982526012,3.816666666666667,4842.635819549905,6.281541832196126,0.9665086845672806
0.3015159873825738,3.816666666666667,4842.068075347579,5.713797629869987,0.9637467343701326
0.3290344562312668,3.816666666666667,4841.501047091846,5.146769374136966,0.9607767816767331
0.3590644540186084,3.816666666666667,4840.942596803243,4.58831908553384,0.9575853795089765
0.3918352005331102,3.816666666666667,4840.402331704152,4.0480539864429375,0.9541593635468978
0.4275968357727379,3.816666666666667,4839.891875786836,3.5375980691269433,0.9504843785910714
0.4666223292703073,3.816666666666667,4839.425174831695,3.070897113985666,0.9465455836592099
0.5092095636773398,3.816666666666667,4839.018838112088,2.6645603943788956,0.9423277234307297
0.555683608510431,3.816666666666667,4838.692520259504,2.338242541794898,0.9378149950483841
0.606399201415696,3.816666666666667,4838.469347013664,2.1150692959554362,0.9329909223591089
0.6617434558908557,3.816666666666667,4838.376388851475,2.022111133765975,0.9278387689701658
0.7221388161330753,3.816666666666667,4838.445186779738,2.0909090620289135,0.9223410817773648
0.7880462815669914,3.816666666666667,4838.712334894692,2.3580571769825838,0.9164799265480554
0.8599689256658395,3.816666666666667,4839.220124663075,2.8658469453657744,0.9102369077338598
0.9384557359249337,3.816666666666667,4840.017256272566,3.662978554856636,0.9035932042525369
1.0241058042981246,3.816666666666667,4841.159622843522,4.805345125812892,0.8965293225105749
1.1175729000829515,3.816666666666667,4842.711173799079,6.356896081369996,0.8890252840528707
1.2195704601594417,3.816666666666667,4844.744864268497,8.390586550787702,0.8810607882510137
1.3308770346731866,3.816666666666667,4847.343698060249,10.989420342540143,0.872614787071703
1.452342229729745,3.816666666666667,4850.601872498543,14.247594780834334,0.8636658283965685
1.5848931924611134,3.816666666666667,4854.626034280366,18.271756562657174,0.8541920146335332
0.12589254117941673,3.885,4846.972087154201,10.61780943649228,0.9832266066106164
0.13738237958832628,3.885,4846.5596338325995,10.205356114890492,0.9817789504973138
0.1499208614309617,3.885,4846.124478210408,9.770200492698677,0.9802130036105958
0.16360369327968372,3.885,4845.667007868823,9.31273015111401,0.9785200288484556
0.17853531656152205,3.885,4845.188021337785,8.833743620076348,0.9766907656141155
0.19482970476242364,3.885,4844.68881659473,8.33453887702126,0.9747155326150566
0.2126112333899656,3.885,4844.171293319989,7.817015602279753,0.9725843179463574
0.23201562933498188,3.885,4843.638070585108,7.283792867398915,0.9702860813770595
0.253191006878606,3.885,4843.09262180412,6.738344086411416,0.9678096704012165
0.2762989982526012,3.885,4842.5394289405485,6.185151222839522,0.9651432314345848
0.3015159873825738,3.885,4841.98415813648,5.629880418770881,0.962274297615506
0.3290344562312668,3.885,4841.433859113265,5.079581395555579,0.9591898935430149
0.3590644540186084,3.885,4840.897190887115,4.542913169406347,0.9558761325992114
0.3918352005331102,3.885,4840.384676548447,4.030398830737795,0.9523195847042151
0.4275968357727379,3.885,4839.908990067054,3.554712349345209,0.9485052920055299
0.4666223292703073,3.885,4839.485278315828,3.1310005981185896,0.9444180732141144
0.5092095636773398,3.885,4839.131521741059,2.7772440233502493,0.9400421834852879
0.555683608510431,3.885,4838.868937361174,2.5146596434651656,0.9353612413029091
0.606399201415696,3.885,4838.722428041633,2.3681503239240556,0.9303584898747631
0.6617434558908557,3.885,4838.721082277734,2.36680456002523,0.9250166486903296
0.7221388161330753,3.885,4838.898729022478,2.5444513047686996,0.9193177072310116
0.7880462815669914,3.885,4839.294552428823,2.940274711114398,0.9132434832264847
0.8599689256658395,3.885,4839.953771741906,3.5994940241971563,0.9067749747942462
0.9384557359249337,3.885,4840.928391985678,4.57411426796898,0.8998929332602296
1.0241058042981246,3.885,4842.278031550739,5.923753833029878,0.8925773927588075
1.1175729000829515,3.885,4844.070833317204,7.716555599495223,0.8848080664652499
1.2195704601594417,3.885,4846.38446655159,10.030188833880857,0.8765641558532488
1.3308770346731866,3.885,4849.307227512695,12.952949794986125,0.867824378228556
1.452342229729745,3.885,4852.939247501836,16.58496978412677,0.8585668900619754
1.5848931924611134,3.885,4857.393818009564,21.03954029185479,0.8487694402523455
0.12589254117941673,3.953333333333333,4846.837106027482,10.48282830977314,0.9824445009421676
0.13738237958832628,3.953333333333333,4846.419524182386,10.06524646467733,0.9809320492713872
0.1499208614309617,3.953333333333333,4845.9799434135275,9.625665695818498,0.9792963433951068
0.16360369327968372,3.953333333333333,4845.518991755506,9.16471403779724,0.977528341076344
0.17853531656152205,3.953333333333333,4845.037753610949,8.683475893240029,0.975618562125707
0.19482970476242364,3.953333333333333,4844.537864967302,8.183587249593074,0.9735569955454421
0.2126112333899656,3.953333333333333,4844.02162318677,7.66734546906082,0.9713329724808984
0.23201562933498188,3.953333333333333,4843.49211313072,7.137835413011089,0.9689354357071341
0.253191006878606,3.953333333333333,4842.953351542433,6.599073824723746,0.9663526099058439
0.2762989982526012,3.953333333333333,4842.410451786237,6.05617406852798,0.9635724071608807
0.3015159873825738,3.953333333333333,4841.869811225343,5.515533507634245,0.960581871029744
0.3290344562312668,3.953333333333333,4841.339323717744,4.985046000035254,0.9573672660397426
0.3590644540186084,3.953333333333333,4840.828619917622,4.474342199912826,0.9539152759197898
0.3918352005331102,3.953333333333333,4840.349338288229,3.995060570519854,0.950211047606996
0.4275968357727379,3.953333333333333,4839.915429966578,3.5611522488688934,0.9462394351853479
0.4666223292703073,3.953333333333333,4839.543500861546,3.189223143836898,0.9419848813810671
0.5092095636773398,3.953333333333333,4839.2531946245945,2.8989169068854608,0.9374311039813737
0.555683608510431,3.953333333333333,4839.067620401328,2.7133426836189756,0.932561352190642
0.606399201415696,3.953333333333333,4839.013829556666,2.6595518389567587,0.9273581394685809
0.6617434558908557,3.953333333333333,4839.12334586853,2.769068150821113,0.9218040078270305
0.7221388161330753,3.953333333333333,4839.432754008997,3.078476291288098,0.9158803297706664
0.7880462815669914,3.953333333333333,4839.984351483239,3.630073765530142,0.9095684255611551
0.8599689256658395,3.953333333333333,4840.826869583895,4.4725918661861215,0.9028488140304071
0.9384557359249337,3.953333333333333,4842.016269349943,5.661991632234276,0.8957017773456465
1.0241058042981246,3.953333333333333,4843.616619007466,7.262341289757387,0.888107044683892
1.1175729000829515,3.953333333333333,4845.701059927163,9.346782209454432,0.8800438762628517
1.2195704601594417,3.953333333333333,4848.352868774418,11.998591056709301,0.8714910610320066
1.3308770346731866,3.953333333333333,4851.66662426703,15.312346549320864,0.8624268717871565
1.452342229729745,3.953333333333333,4855.749487807941,19.395210090231558,0.8528292374219388
1.5848931924611134,3.953333333333333,4860.7226082394345,24.36833052172551,0.8426755597535563
0.12589254117941673,4.0216666666666665,4846.673322913179,10.319045195469698,0.9815494326906213
0.13738237958832628,4.0216666666666665,4846.249552161942,9.89527444423311,0.9799632924611751
0.1499208614309617,4.0216666666666665,4845.804638352328,9.450360634618846,0.9782482174342367
0.16360369327968372,4.0216666666666665,4845.339500099815,8.985222382106258,0.9763951242158536
0.17853531656152205,4.0216666666666665,4844.855566959809,8.501289242100029,0.9743940430135107
0.19482970476242364,4.0216666666666665,4844.354882656607,8.000604938897595,0.9722344807932171
0.2126112333899656,4.0216666666666665,4843.840223848218,7.485946130508637,0.9699055346099347
0.23201562933498188,4.0216666666666665,4843.3152362858145,6.960958568105525,0.9673956741718945
0.253191006878606,4.0216666666666665,4842.784590399519,6.430312681810392,0.9646927688098781
0.2762989982526012,4.0216666666666665,4842.254158527053,5.899880809343813,0.9617841458038382
0.3015159873825738,4.0216666666666665,4841.731216198824,5.376938481114848,0.9586562391644924
0.3290344562312668,4.0216666666666665,4841.224670103545,4.8703923858356575,0.9552958479452138
0.3590644540186084,4.0216666666666665,4840.745315579827,4.391037862117628,0.9516881643478947
0.3918352005331102,4.0216666666666665,4840.306126716835,3.951848999126014,0.9478181246970188
0.4275968357727379,4.0216666666666665,4839.92258239353,3.5683046758213095,0.9436703509019992
0.4666223292703073,4.0216666666666665,4839.613031848193,3.258754130483794,0.9392285189047511
0.5092095636773398,4.0216666666666665,4839.3991036441885,3.0448259264794615,0.93447599712114
0.555683608510431,4.0216666666666665,4839.30616218631,2.951884468600838,0.9293955125348451
0.606399201415696,4.0216666666666665,4839.363816246506,3.0095385287968384,0.9239692615727263
0.6617434558908557,4.0216666666666665,4839.606484281057,3.252206563348409,0.9181790040473599
0.7221388161330753,4.0216666666666665,4840.074021667881,3.7197439501724148,0.9120057950760873
0.7880462815669914,4.0216666666666665,4840.812415368931,4.458137651222387,0.9054304490178591
0.8599689256658395,4.0216666666666665,4841.874551937074,5.520274219365092,0.8984330147169887
0.9384557359249337,4.0216666666666665,4843.321065249542,6.966787531832779,0.8909934128833796
1.0241058042981246,4.0216666666666665,4845.221270873631,8.866993155921591,0.8830908161778356
1.1175729000829515,4.0216666666666665,4847.654194568667,11.299916850957743,0.8747040779099091
1.2195704601594417,4.0216666666666665,4850.70970311664,14.355425398931402,0.8658116623175406
1.3308770346731866,4.0216666666666665,4854.489746468282,18.135468750572727,0.8563915261321001
1.452342229729745,4.0216666666666665,4859.1097211075285,22.755443389819447,0.8464212057834413
1.5848931924611134,4.0216666666666665,4864.699965590677,28.345687872967574,0.8358779303473529
0.12589254117941673,4.09,4846.481617389232,10.12733967152326,0.9805335203659825
0.13738237958832628,4.09,4846.050870304636,9.696592586927181,0.9788641250871158
0.1499208614309617,4.09,4845.6000406628955,9.24576294518647,0.9770597827420926
0.16360369327968372,4.09,4845.130395850663,8.776118132954252,0.9751107307465511
0.17853531656152205,4.09,4844.6437789717065,8.289501253997514,0.9730068073673526
0.19482970476242364,4.09,4844.142721501052,7.7884437833427,0.9707370202599449
0.2126112333899656,4.09,4843.630572597456,7.276294879747184,0.9682901589327059
0.23201562933498188,4.09,4843.111647044901,6.7573693271915545,0.9656541904598523
0.253191006878606,4.09,4842.591393978245,6.237116260535913,0.9628165880033436
0.2762989982526012,4.09,4842.076588744392,5.722311026683201,0.9597642328006495
0.3015159873825738,4.09,4841.57555046077,5.221272743060581,0.9564829494857136
0.3290344562312668,4.09,4841.098388058067,4.74411034035802,0.95295913964437
0.3590644540186084,4.09,4840.657277828823,4.303000111113761,0.9491776282876948
0.3918352005331102,4.09,4840.266775759801,3.912498042092011,0.9451228795990176
0.4275968357727379,4.09,4839.944168186976,3.58989046926672,0.940778790201488
0.4666223292703073,4.09,4839.7098645933,3.3555868755911433,0.936128833656526
0.5092095636773398,4.09,4839.587836661853,3.233558944143624,0.9311555360735851
0.555683608510431,4.09,4839.606108005482,3.251830287773373,0.9258414863186787
0.606399201415696,4.09,4839.7972993200965,3.443021602387489,0.9201681803760868
0.6617434558908557,4.09,4840.199234055432,3.8449563377225786,0.9141168522249979
0.7221388161330753,4.09,4840.855610070401,4.501332352691861,0.9076681991189435
0.7880462815669914,4.09,4841.816743146148,5.462465428438918,0.9008024552215539
0.8599689256658395,4.09,4843.140388678785,6.786110961075792,0.8934993272134385
0.9384557359249337,4.09,4844.892648376185,8.538370658476197,0.8857381763068758
1.0241058042981246,4.09,4847.148969352746,10.794691635036543,0.8774978828830634
1.1175729000829515,4.09,4849.99524366741,13.64096594970124,0.8687567651734235
1.2195704601594417,4.09,4853.529017099683,17.174739381974177,0.8594929991365166
1.3308770346731866,4.09,4857.860816822257,21.50653910454821,0.849684205588481
1.452342229729745,4.09,4863.115608624332,26.76133090662279,0.8393076374344992
1.5848931924611134,4.09,4869.43439548247,33.08011776476087,0.828340279642321
0.12589254117941673,4.158333333333333,4846.2627970841295,9.908519366420478,0.9793875317894957
0.13738237958832628,4.158333333333333,4845.8246082503465,9.47033053263749,0.9776248128215568
0.1499208614309617,4.158333333333333,4845.3676662689295,9.013388551220487,0.975720319388595
0.16360369327968372,4.158333333333333,4844.8936555433065,8.539377825597512,0.9736639011547495
0.17853531656152205,4.158333333333333,4844.404912485357,8.050634767648262,0.9714448689301581
0.19482970476242364,4.158333333333333,4843.904549152305,7.550271434595743,0.9690519314009387
0.2126112333899656,4.158333333333333,4843.396594838802,7.04231712109322,0.9664733030925753
0.23201562933498188,4.158333333333333,4842.88615772388,6.531880006171377,0.9636966309562461
0.253191006878606,4.158333333333333,4842.379608868223,6.025331150513921,0.9607087785349641
0.2762989982526012,4.158333333333333,4841.8847910672785,5.530513349569446,0.9574959283279507
0.3015159873825738,4.158333333333333,4841.411255289891,5.056977572182404,0.9540443541354978
0.3290344562312668,4.158333333333333,4840.970527670351,4.616249952641738,0.9503389851331063
0.3590644540186084,4.158333333333333,4840.576410276962,4.222132559252714,0.9463645224560452
0.3918352005331102,4.158333333333333,4840.245319146427,3.891041428718381,0.9421048249585743
0.4275968357727379,4.158333333333333,4839.996663356786,3.642385639076565,0.9375433414916029
0.4666223292703073,4.158333333333333,4839.853269208436,3.4989914907273487,0.9326629605464803
0.5092095636773398,4.158333333333333,4839.841853895239,3.4875761775301726,0.92744600753027
0.555683608510431,4.158333333333333,4839.993553376992,3.6392756592831574,0.9218741168569918
0.606399201415696,4.158333333333333,4840.344509513638,3.990231795928594,0.9159285406433185
0.6617434558908557,4.158333333333333,4840.9365218946805,4.5822441769714715,0.9095900076887612
0.7221388161330753,4.158333333333333,4841.817770200442,5.4634924827332725,0.9028386643406291
0.7880462815669914,4.158333333333333,4843.043613373404,6.6893356556947765,0.8956543408115031
0.8599689256658395,4.158333333333333,4844.677472368162,8.323194650452933,0.8880163384670927
0.9384557359249337,4.158333333333333,4846.791803799893,10.437526082184377,0.8799034778488136
1.0241058042981246,4.158333333333333,4849.469172437926,13.114894720217308,0.8712943127521678
1.1175729000829515,4.158333333333333,4852.80343120864,16.449153490931167,0.862166727890445
1.2195704601594417,4.158333333333333,4856.901018197337,20.54674047962817,0.8524987535762766
1.3308770346731866,4.158333333333333,4861.8823810887525,25.52810337104347,0.8422675112360393
1.452342229729745,4.158333333333333,4867.883540577897,31.529262860188283,0.8314501363073824
1.5848931924611134,4.158333333333333,4875.0578055338265,38.70352781611746,0.820023408094422
0.12589254117941673,4.226666666666667,4846.017701055795,9.663423338086432,0.9781009013824785
0.13738237958832628,4.226666666666667,4845.571990348724,9.217712631015274,0.976234036238237
0.1499208614309617,4.226666666666667,4845.109202978527,8.7549252608178,0.9742177708070714
0.16360369327968372,4.226666666666667,4844.631520854039,8.277243136330071,0.9720416474329185
0.17853531656152205,4.226666666666667,4844.1418672854015,7.787589567692521,0.9696944916981944
0.19482970476242364,4.226666666666667,4843.644043334312,7.28976561660329,0.9671644938663637
0.2126112333899656,4.226666666666667,4843.14288360836,6.788605890650615,0.9644394029316712
0.23201562933498188,4.226666666666667,4842.644433746097,6.290156028388083,0.9615064793523427
0.253191006878606,4.226666666666667,4842.156152048361,5.801874330652026,0.9583516134946592
0.2762989982526012,4.226666666666667,4841.687137937005,5.332860219295981,0.954961431194805
0.3015159873825738,4.226666666666667,4841.248390157909,4.894112440199933,0.9513209107222202
0.3290344562312668,4.226666666666667,4840.853097904484,4.498820186774537,0.9474147072577392
0.3590644540186084,4.226666666666667,4840.516968303855,4.1626905861458,0.9432269203153236
0.3918352005331102,4.226666666666667,4840.258593994903,3.9043162771940843,0.9387409156106454
0.4275968357727379,4.226666666666667,4840.09986482682,3.745587109110602,0.9339398122519488
0.4666223292703073,4.226666666666667,4840.06642802273,3.7121503050211686,0.9288057244015966
0.5092095636773398,4.226666666666667,4840.188201485291,3.8339237675818367,0.9233205420155591
0.555683608510431,4.226666666666667,4840.499945272868,4.14566755515898,0.917465352198454
0.606399201415696,4.226666666666667,4841.0418966490115,4.687618931302495,0.9112210668668039
0.6617434558908557,4.226666666666667,4841.86047451036,5.506196792651281,0.9045678241558516
0.7221388161330753,4.226666666666667,4843.009059435932,6.654781718222694,0.8974853010339634
0.7880462815669914,4.226666666666667,4844.54885608388,8.1945783661713,0.8899529139500688
0.8599689256658395,4.226666666666667,4846.549845201416,10.195567483707237,0.8819494606538572
0.9384557359249337,4.226666666666667,4849.091833123912,12.737555406202773,0.8734534801329822
1.0241058042981246,4.226666666666667,4852.2656073348935,15.911329617184492,0.8644430090738632
1.1175729000829515,4.226666666666667,4856.1742074566455,19.81992973893648,0.8548958950932639
1.2195704601594417,4.226666666666667,4860.934321958185,24.580044240476127,0.8447894481054927
1.3308770346731866,4.226666666666667,4866.677821921218,30.3235442035093,0.834100897813719
1.452342229729745,4.226666666666667,4873.553444412607,37.19916669489794,0.8228070531710784
1.5848931924611134,4.226666666666667,4881.728639391416,45.374361673707426,0.8108846319686526
0.12589254117941673,4.295,4845.747320233211,9.393042515502202,0.9766614498981386
0.13738237958832628,4.295,4845.294474159067,8.940196441358239,0.974678764240039
0.1499208614309617,4.295,4844.8266693988035,8.47239168109445,0.9725384041590455
0.16360369327968372,4.295,4844.346680549768,7.99240283205927,0.9702294347214339
0.17853531656152205,4.295,4843.858127997439,7.503850279729704,0.9677400481828659
0.19482970476242364,4.295,4843.365628915284,7.011351197575095,0.9650582056458474
0.2126112333899656,4.295,4842.874969409078,6.520691691369393,0.9621709539641033
0.23201562933498188,4.295,4842.393300220204,6.039022502494845,0.9590649648893561
0.253191006878606,4.295,4841.929358625024,5.575080907315169,0.9557258909152331
0.2762989982526012,4.295,4841.493719408387,5.139441690677813,0.9521396015661642
0.3015159873825738,4.295,4841.099078042551,4.74480032484189,0.94829059049275
0.3290344562312668,4.295,4840.760569476851,4.406291759141823,0.94416302956507
0.3590644540186084,4.295,4840.496126227988,4.141848510278578,0.939740442651624
0.3918352005331102,4.295,4840.326879764757,3.9726020470479853,0.9350056412654656
0.4275968357727379,4.295,4840.277609499264,3.9233317815551345,0.9299411198281934
0.4666223292703073,4.295,4840.37724403185,4.022966314140831,0.9245287101254442
0.5092095636773398,4.295,4840.659419651125,4.305141933416053,0.9187495647807729
0.555683608510431,4.295,4841.163101466027,4.808823748317991,0.91258442885202
0.606399201415696,4.295,4841.933272949345,5.578995231636327,0.9060135584078436
0.6617434558908557,4.295,4843.021700107886,6.6674223901773075,0.8990167054290028
0.7221388161330753,4.295,4844.487776972725,8.133499255016432,0.8915731025353194
0.7880462815669914,4.295,4846.399459634738,10.045181917029367,0.8836617556443872
0.8599689256658395,4.295,4848.834296648983,12.480018931273662,0.875261046758089
0.9384557359249337,4.295,4851.88056431157,15.526286593861187,0.8663492113386567
1.0241058042981246,4.295,4855.638516090559,19.284238372850268,0.856903859022139
1.1175729000829515,4.295,4860.221756385222,23.86747866751284,0.8469026168954485
1.2195704601594417,4.295,4865.758749813722,29.404472096012796,0.8363226322728415
1.3308770346731866,4.295,4872.394478404996,36.040200687287324,0.8251408157116715
1.452342229729745,4.295,4880.292260415019,43.93798269730996,0.8133339257854123
1.5848931924611134,4.295,4889.635746018637,53.28146830092828,0.8008786412374493
0.12589254117941673,4.363333333333333,4845.452938960123,9.098661242413982,0.9750554839907387
0.13738237958832628,4.363333333333333,4844.993914220218,8.639636502509347,0.972944467190216
0.1499208614309617,4.363333333333333,4844.522603900284,8.168326182574674,0.9706666147985841
0.16360369327968372,4.363333333333333,4844.042487951074,7.688210233364771,0.9682105841590738
0.17853531656152205,4.363333333333333,4843.558013723516,7.203736005806604,0.9655640302099205
0.19482970476242364,4.363333333333333,4843.074763795323,6.720486077613714,0.962714370436788
0.2126112333899656,4.363333333333333,4842.599646877772,6.245369160063092,0.9596481030161862
0.23201562933498188,4.363333333333333,4842.141114406579,5.786836688869698,0.9563511032615737
0.253191006878606,4.363333333333333,4841.709405659672,5.355127941962564,0.9528092753081565
0.2762989982526012,4.363333333333333,4841.3168245007955,4.962546783086509,0.949007150274984
0.3015159873825738,4.363333333333333,4840.978051121622,4.623773403913219,0.9449289727088007
0.3290344562312668,4.363333333333333,4840.710492442316,4.356214724606616,0.9405581946184658
0.3590644540186084,4.363333333333333,4840.5346751365,4.180397418790562,0.9358779392092779
0.3918352005331102,4.363333333333333,4840.474685567296,4.120407849586627,0.93087040381926
0.4275968357727379,4.363333333333333,4840.558661259368,4.204383541658899,0.9255175824628388
0.4666223292703073,4.363333333333333,4840.8193388880545,4.465061170345507,0.9198007011713426
0.5092095636773398,4.363333333333333,4841.294664144417,4.940386426707846,0.9137005723968007
0.555683608510431,4.363333333333333,4842.0284692378655,5.674191520156455,0.9071972321418558
0.606399201415696,4.363333333333333,4843.07122423291,6.716946515201016,0.900270589319847
0.6617434558908557,4.363333333333333,4844.480868891591,8.126591173881934,0.8928999060335336
0.7221388161330753,4.363333333333333,4846.323732219043,9.96945450133444,0.8850640153078636
0.7880462815669914,4.363333333333333,4848.675547499275,12.321269781566116,0.8767414801774126
0.8599689256658395,4.363333333333333,4851.622571276201,15.268293558491678,0.8679104165102313
0.9384557359249337,4.363333333333333,4855.262815497471,18.9085377797619,0.8585486443690105
1.0241058042981246,4.363333333333333,4859.707402912949,23.353125195239954,0.8486336043505368
1.1175729000829515,4.363333333333333,4865.082056823523,28.72777910581408,0.8381425794304421
1.2195704601594417,4.363333333333333,4871.528737427464,35.174459709754956,0.8270526861602262
1.3308770346731866,4.363333333333333,4879.207438329094,42.85316061138474,0.8153406591051876
1.452342229729745,4.363333333333333,4888.298158276857,51.943880559148056,0.8029833015241993
1.5848931924611134,4.363333333333333,4899.003064905625,62.64878718791624,0.7899573392671372
0.12589254117941673,4.431666666666667,4845.136303152223,8.782025434514253,0.9732676657857212
0.13738237958832628,4.431666666666667,4844.67275715611,8.318479438400573,0.9710147425859821
0.1499208614309617,4.431666666666667,4844.200290297916,7.846012580206661,0.9685851241895935
0.16360369327968372,4.431666666666667,4843.723221228919,7.368943511210091,0.9659667101489692
0.17853531656152205,4.431666666666667,4843.246977448687,6.8926997309781655,0.9631468508081898
0.19482970476242364,4.431666666666667,4842.778282416442,6.42400469873337,0.9601122130555314
0.2126112333899656,4.431666666666667,4842.3253679403515,5.971090222642488,0.9568486674167349
0.23201562933498188,4.431666666666667,4841.8982146617645,5.543936944055531,0.953342124631329
0.253191006878606,4.431666666666667,4841.508823707763,5.15454599005443,0.9495773138564146
0.2762989982526012,4.431666666666667,4841.17152286099,4.81724514328107,0.9455382885755897
0.3015159873825738,4.431666666666667,4840.903310884655,4.549033166946174,0.9412087480567705
0.3290344562312668,4.431666666666667,4840.724243949139,4.369966231430226,0.9365716696619453
0.3590644540186084,4.431666666666667,4840.657868430026,4.303590712316691,0.9316094699556003
0.3918352005331102,4.431666666666667,4840.731704688333,4.377426970623674,0.9263039298387028
0.4275968357727379,4.431666666666667,4840.977786802838,4.623509085128717,0.9206364788566224
0.4666223292703073,4.431666666666667,4841.433263604073,5.0789858863636255,0.9145876874012812
0.5092095636773398,4.431666666666667,4842.141066763863,5.786789046153899,0.9081378852670678
0.555683608510431,4.431666666666667,4843.150652129077,6.796374411367651,0.9012667837190365
0.606399201415696,4.431666666666667,4844.518820961425,8.164543243716253,0.8939536824550969
0.6617434558908557,4.431666666666667,4846.310628267061,9.956350549351555,0.8861775780809901
0.7221388161330753,4.431666666666667,4848.60038598282,12.246108265110706,0.8779167762246972
0.7880462815669914,4.431666666666667,4851.472769444705,15.118491726995671,0.8691495122797366
0.8599689256658395,4.431666666666667,4855.024036314721,18.669758597012333,0.8598536484319272
0.9384557359249337,4.431666666666667,4859.363368001851,23.009090284142076,0.8500066856979624
1.0241058042981246,4.431666666666667,4864.614344599665,28.260066881955936,0.839585868763989
1.1175729000829515,4.431666666666667,4870.9165654954595,34.5622877777505,0.828568408350762
1.2195704601594417,4.431666666666667,4878.427429102314,42.0731513846049,0.8169312093988046
1.3308770346731866,4.431666666666667,4887.324086645934,50.969808928224666,0.8046511803681143
1.452342229729745,4.431666666666667,4897.805586622677,61.451308904967846,0.7917052090245902
1.5848931924611134,4.431666666666667,4910.095228458032,73.74095074032266,0.7780702558178964
0.12589254117941673,4.5,4844.799822021494,8.445544303785027,0.9712806504036938
0.13738237958832628,4.5,4844.334275833405,7.979998115695707,0.9688712895465722
0.1499208614309617,4.5,4843.864028798252,7.509751080542628,0.9662742759636289
0.16360369327968372,4.5,4843.394395994465,7.040118276756402,0.9634771248733253
0.17853531656152205,4.5,4842.931965672797,6.57768795508764,0.9604666282150306
0.19482970476242364,4.5,4842.484808435687,6.130530717978218,0.9572284494782316
0.2126112333899656,4.5,4842.062714184784,5.708436467075444,0.9537487809623038
0.23201562933498188,4.5,4841.677459891423,5.323182173713576,0.9500121481122215
0.253191006878606,4.5,4841.343111524332,4.988833806623006,0.9460029211475502
0.2762989982526012,4.5,4841.076363758371,4.7220860406623615,0.9417045452378145
0.3015159873825738,4.5,4840.896921399744,4.542643682035305,0.9371001251219049
0.3290344562312668,4.5,4840.82792678942,4.473649071711407,0.932172082817619
0.3590644540186084,4.5,4840.896437790506,4.5421600727968325,0.9269023321809413
0.3918352005331102,4.5,4841.133961327489,4.779683609779568,0.9212719995992446
0.4275968357727379,4.5,4841.577047827691,5.222770109981866,0.9152619260103495
0.4666223292703073,4.5,4842.267952321639,5.913674603930303,0.9088522060157609
0.5092095636773398,4.5,4843.255368394824,6.901090677114553,0.9020227868845431
0.555683608510431,4.5,4844.595241656027,8.240963938317691,0.8947528763082807
0.606399201415696,4.5,4846.3516699070615,9.997392189352468,0.8870212861944321
0.6617434558908557,4.5,4848.597897777564,12.243620059854948,0.8788065715725515
0.7221388161330753,4.5,4851.417414240602,15.063136522892819,0.8700868496229245
0.7880462815669914,4.5,4854.905162166517,18.550884448807665,0.8608400284066812
0.8599689256658395,4.5,4859.168869920939,22.81459220322995,0.8510436391409499
0.9384557359249337,4.5,4864.33051598642,27.976238268711313,0.8406749763435243
1.0241058042981246,4.5,4870.527938704659,34.17366098695038,0.8297113095744383
1.1175729000829515,4.5,4877.91660451656,41.562326798851245,0.8181296681274324
1.2195704601594417,4.5,4886.67154954065,50.31727182294071,0.8059071977721228
1.3308770346731866,4.5,4896.989510997451,60.63523327974235,0.7930206768043111
1.452342229729745,4.5,4909.0912668826695,72.7369891649605,0.7794475265969829
1.5848931924611134,4.5,4923.224204444108,86.86992672639917,0.7651649526716133
