,Source number density,Source number density numeric,width,Fraction of total flux,E2flux,Nsrc,luminosity,cumulative_Nsrc,log_flux,flux
0,$10^{-6}$ Mpc$^{-3}$,6,SC,1.0,0.0,0.0,9.930934710376449e+51,0.0,-3.5999999999999996,0.0002511886431509582
1,$10^{-6}$ Mpc$^{-3}$,6,SC,1.0,-0.23489932885905773,0.0,9.930934710376449e+51,0.0,-3.8348993288590574,0.0001462516152068729
2,$10^{-6}$ Mpc$^{-3}$,6,SC,1.0,-0.46979865771812257,0.0,9.930934710376449e+51,0.0,-4.069798657718122,8.51532723864601e-05
3,$10^{-6}$ Mpc$^{-3}$,6,SC,1.0,-0.7046979865771803,0.0,9.930934710376449e+51,0.0,-4.30469798657718,4.9579485244427106e-05
4,$10^{-6}$ Mpc$^{-3}$,6,SC,1.0,-0.9395973154362451,0.0,9.930934710376449e+51,0.0,-4.539597315436245,2.8867068618882372e-05
5,$10^{-6}$ Mpc$^{-3}$,6,SC,1.0,-1.1744966442953029,0.0,9.930934710376449e+51,0.0,-4.7744966442953025,1.6807509124773407e-05
6,$10^{-6}$ Mpc$^{-3}$,6,SC,1.0,-1.4093959731543606,0.0,9.930934710376449e+51,0.0,-5.00939597315436,9.785973307818268e-06
7,$10^{-6}$ Mpc$^{-3}$,6,SC,1.0,-1.6442953020134254,0.0,9.930934710376449e+51,0.0,-5.244295302013425,5.697767162903216e-06
8,$10^{-6}$ Mpc$^{-3}$,6,SC,1.0,-1.8791946308724832,0.0,9.930934710376449e+51,0.0,-5.479194630872483,3.3174575099976933e-06
9,$10^{-6}$ Mpc$^{-3}$,6,SC,1.0,-2.114093959731548,0.0,9.930934710376449e+51,0.0,-5.714093959731548,1.9315503803479767e-06
10,$10^{-6}$ Mpc$^{-3}$,6,SC,1.0,-2.3489932885906057,0.0,9.930934710376449e+51,0.0,-5.948993288590605,1.1246223532867697e-06
11,$10^{-6}$ Mpc$^{-3}$,6,SC,1.0,-2.5838926174496635,0.0,9.930934710376449e+51,0.0,-6.183892617449663,6.547980577573222e-07
12,$10^{-6}$ Mpc$^{-3}$,6,SC,1.0,-2.8187919463087283,0.0,9.930934710376449e+51,0.0,-6.418791946308728,3.812484210274486e-07
13,$10^{-6}$ Mpc$^{-3}$,6,SC,1.0,-3.053691275167786,0.0,9.930934710376449e+51,0.0,-6.653691275167786,2.219773819026722e-07
14,$10^{-6}$ Mpc$^{-3}$,6,SC,1.0,-3.2885906040268473,0.0,9.930934710376449e+51,0.0,-6.888590604026847,1.2924370399639455e-07
15,$10^{-6}$ Mpc$^{-3}$,6,SC,1.0,-3.5234899328859086,0.0,9.930934710376449e+51,0.0,-7.123489932885908,7.525061733556093e-08
16,$10^{-6}$ Mpc$^{-3}$,6,SC,1.0,-3.7583892617449663,0.0,9.930934710376449e+51,0.0,-7.358389261744966,4.3813781517287975e-08
17,$10^{-6}$ Mpc$^{-3}$,6,SC,1.0,-3.9932885906040276,0.0,9.930934710376449e+51,0.0,-7.593288590604027,2.551005584823911e-08
18,$10^{-6}$ Mpc$^{-3}$,6,SC,1.0,-4.228187919463089,0.0,9.930934710376449e+51,0.0,-7.828187919463089,1.4852928161964324e-08
19,$10^{-6}$ Mpc$^{-3}$,6,SC,1.0,-4.463087248322147,0.0,9.930934710376449e+51,0.0,-8.063087248322146,8.647941670410052e-09
20,$10^{-6}$ Mpc$^{-3}$,6,SC,1.0,-4.697986577181208,0.0,9.930934710376449e+51,0.0,-8.297986577181208,5.035161708135759e-09
21,$10^{-6}$ Mpc$^{-3}$,6,SC,1.0,-4.932885906040269,0.0,9.930934710376449e+51,0.0,-8.532885906040269,2.9316633244445185e-09
22,$10^{-6}$ Mpc$^{-3}$,6,SC,1.0,-5.1677852348993305,0.0,9.930934710376449e+51,0.0,-8.76778523489933,1.7069262808393908e-09
23,$10^{-6}$ Mpc$^{-3}$,6,SC,1.0,-5.402684563758392,0.0,9.930934710376449e+51,0.0,-9.002684563758391,9.938376292824325e-10
24,$10^{-6}$ Mpc$^{-3}$,6,SC,1.0,-5.6375838926174495,0.0,9.930934710376449e+51,0.0,-9.23758389261745,5.786501997567348e-10
25,$10^{-6}$ Mpc$^{-3}$,6,SC,1.0,-5.872483221476511,0.0,9.930934710376449e+51,0.0,-9.47248322147651,3.369122317498318e-10
26,$10^{-6}$ Mpc$^{-3}$,6,SC,1.0,-6.107382550335572,0.0,9.930934710376449e+51,0.0,-9.707382550335572,1.961631603175321e-10
27,$10^{-6}$ Mpc$^{-3}$,6,SC,1.0,-6.34228187919463,0.0,9.930934710376449e+51,0.0,-9.94228187919463,1.142136789332563e-10
28,$10^{-6}$ Mpc$^{-3}$,6,SC,1.0,-6.577181208053691,0.0,9.930934710376449e+51,0.0,-10.17718120805369,6.649956308999661e-11
29,$10^{-6}$ Mpc$^{-3}$,6,SC,1.0,-6.812080536912752,0.0,9.930934710376449e+51,0.0,-10.412080536912752,3.871858373237991e-11
30,$10^{-6}$ Mpc$^{-3}$,6,SC,1.0,-7.046979865771814,0.002445123546051537,9.930934710376449e+51,0.002445123546051537,-10.646979865771813,2.2543437228489477e-11
31,$10^{-6}$ Mpc$^{-3}$,6,SC,1.0,-7.281879194630875,0.0068038854461237325,9.930934710376449e+51,0.009249008992175269,-10.881879194630875,1.3125649574052936e-11
32,$10^{-6}$ Mpc$^{-3}$,6,SC,1.0,-7.516778523489933,0.0,9.930934710376449e+51,0.009249008992175269,-11.116778523489932,7.642254151159948e-12
33,$10^{-6}$ Mpc$^{-3}$,6,SC,1.0,-7.751677852348994,0.0,9.930934710376449e+51,0.009249008992175269,-11.351677852348994,4.449612050162862e-12
34,$10^{-6}$ Mpc$^{-3}$,6,SC,1.0,-7.986577181208055,0.00027119077133538216,9.930934710376449e+51,0.009520199763510652,-11.586577181208055,2.5907339647883124e-12
35,$10^{-6}$ Mpc$^{-3}$,6,SC,1.0,-8.221476510067113,0.013358783215948218,9.930934710376449e+51,0.02287898297945887,-11.821476510067113,1.5084241953323003e-12
36,$10^{-6}$ Mpc$^{-3}$,6,SC,1.0,-8.456375838926174,0.022121116347115007,9.930934710376449e+51,0.04500009932657388,-12.056375838926174,8.782621388336169e-13
37,$10^{-6}$ Mpc$^{-3}$,6,SC,1.0,-8.691275167785236,0.0,9.930934710376449e+51,0.04500009932657388,-12.291275167785235,5.113577380258574e-13
38,$10^{-6}$ Mpc$^{-3}$,6,SC,1.0,-8.926174496644297,0.033102176934536015,9.930934710376449e+51,0.0781022762611099,-12.526174496644296,2.977319921660189e-13
39,$10^{-6}$ Mpc$^{-3}$,6,SC,1.0,-9.161073825503358,0.1080788605472526,9.930934710376449e+51,0.1861811368083625,-12.761073825503358,1.733509294322323e-13
40,$10^{-6}$ Mpc$^{-3}$,6,SC,1.0,-9.395973154362416,0.17890979926564712,9.930934710376449e+51,0.3650909360740096,-12.995973154362416,1.0093152743311001e-13
41,$10^{-6}$ Mpc$^{-3}$,6,SC,1.0,-9.630872483221477,0.2678962855561642,9.930934710376449e+51,0.6329872216301737,-13.230872483221477,5.87661875442266e-14
42,$10^{-6}$ Mpc$^{-3}$,6,SC,1.0,-9.865771812080538,0.6088520420034034,9.930934710376449e+51,1.241839263633577,-13.465771812080538,3.421591732842759e-14
43,$10^{-6}$ Mpc$^{-3}$,6,SC,1.0,-10.100671140939596,1.2958920123378337,9.930934710376449e+51,2.537731275971411,-13.700671140939596,1.9921812993989565e-14
44,$10^{-6}$ Mpc$^{-3}$,6,SC,1.0,-10.335570469798657,2.610694879387726,9.930934710376449e+51,5.148426155359137,-13.935570469798657,1.1599239884699797e-14
45,$10^{-6}$ Mpc$^{-3}$,6,SC,1.0,-10.570469798657719,6.0460960357258635,9.930934710376449e+51,11.194522191085,-14.170469798657718,6.7535201712515895e-15
46,$10^{-6}$ Mpc$^{-3}$,6,SC,1.0,-10.80536912751678,11.31944444569841,9.930934710376449e+51,22.51396663678341,-14.40536912751678,3.9321572065825545e-15
47,$10^{-6}$ Mpc$^{-3}$,6,SC,1.0,-11.040268456375841,25.571646181591106,9.930934710376449e+51,48.085612818374514,-14.640268456375841,2.2894520050591127e-15
48,$10^{-6}$ Mpc$^{-3}$,6,SC,1.0,-11.275167785234899,54.4613404570197,9.930934710376449e+51,102.54695327539422,-14.875167785234899,1.3330063392925006e-15
49,$10^{-6}$ Mpc$^{-3}$,6,SC,1.0,-11.51006711409396,117.71300642195492,9.930934710376449e+51,220.25995969734913,-15.11006711409396,7.761271678408036e-16
50,$10^{-6}$ Mpc$^{-3}$,6,SC,1.0,-11.744966442953022,240.392194117278,9.930934710376449e+51,460.6521538146271,-15.344966442953021,4.518908597091139e-16
51,$10^{-6}$ Mpc$^{-3}$,6,SC,1.0,-11.97986577181208,510.23339712294387,9.930934710376449e+51,970.885550937571,-15.579865771812079,2.631081059264371e-16
52,$10^{-6}$ Mpc$^{-3}$,6,SC,1.0,-12.21476510067114,1028.867311600215,9.930934710376449e+51,1999.752862537786,-15.81476510067114,1.5319158136714243e-16
53,$10^{-6}$ Mpc$^{-3}$,6,SC,1.0,-12.449664429530202,2097.396966422626,9.930934710376449e+51,4097.149828960412,-16.049664429530203,8.91939855639685e-17
54,$10^{-6}$ Mpc$^{-3}$,6,SC,1.0,-12.684563758389263,4079.734523481354,9.930934710376449e+51,8176.884352441766,-16.28456375838926,5.1932142679035517e-17
55,$10^{-6}$ Mpc$^{-3}$,6,SC,1.0,-12.919463087248324,8065.75443732941,9.930934710376449e+51,16242.638789771176,-16.519463087248326,3.0236875571632014e-17
56,$10^{-6}$ Mpc$^{-3}$,6,SC,1.0,-13.154362416107382,15529.917868961074,9.930934710376449e+51,31772.55665873225,-16.754362416107384,1.760506301434493e-17
57,$10^{-6}$ Mpc$^{-3}$,6,SC,1.0,-13.389261744966444,29009.73751869258,9.930934710376449e+51,60782.29417742483,-16.98926174496644,1.0250339622716748e-17
58,$10^{-6}$ Mpc$^{-3}$,6,SC,1.0,-13.624161073825505,53699.83147936831,9.930934710376449e+51,114482.12565679314,-17.224161073825506,5.968138954993951e-18
59,$10^{-6}$ Mpc$^{-3}$,6,SC,1.0,-13.859060402684563,95863.73675822858,9.930934710376449e+51,210345.86241502172,-17.459060402684564,3.474878286684173e-18
60,$10^{-6}$ Mpc$^{-3}$,6,SC,1.0,-14.093959731543624,168528.84105182713,9.930934710376449e+51,378874.7034668488,-17.69395973154362,2.0232067648433924e-18
61,$10^{-6}$ Mpc$^{-3}$,6,SC,1.0,-14.328859060402685,286651.14411553205,9.930934710376449e+51,665525.8475823809,-17.928859060402687,1.1779881986065197e-18
62,$10^{-6}$ Mpc$^{-3}$,6,SC,1.0,-14.563758389261746,468656.6986184817,9.930934710376449e+51,1134182.5462008626,-18.163758389261744,6.858696897267782e-19
63,$10^{-6}$ Mpc$^{-3}$,6,SC,1.0,-14.798657718120808,723397.5827708899,9.930934710376449e+51,1857580.1289717525,-18.39865771812081,3.993395110769115e-19
64,$10^{-6}$ Mpc$^{-3}$,6,SC,1.0,-15.033557046979865,1043696.1282475344,9.930934710376449e+51,2901276.2572192866,-18.633557046979867,2.3251070501552024e-19
65,$10^{-6}$ Mpc$^{-3}$,6,SC,1.0,-15.268456375838927,1362242.8513651043,9.930934710376449e+51,4263519.108584391,-18.868456375838925,1.353766067400284e-19
66,$10^{-6}$ Mpc$^{-3}$,6,SC,1.0,-15.503355704697988,1578070.5603422513,9.930934710376449e+51,5841589.668926642,-19.10335570469799,7.882142738856123e-20
67,$10^{-6}$ Mpc$^{-3}$,6,SC,1.0,-15.738255033557046,1618767.5837978765,9.930934710376449e+51,7460357.252724519,-19.338255033557047,4.5892843417926456e-20
68,$10^{-6}$ Mpc$^{-3}$,6,SC,1.0,-15.973154362416107,1492096.6108638677,9.930934710376449e+51,8952453.863588387,-19.573154362416105,2.6720565038739278e-20
69,$10^{-6}$ Mpc$^{-3}$,6,SC,1.0,-16.20805369127517,1257206.8254293876,9.930934710376449e+51,10209660.689017775,-19.80805369127517,1.5557732814406287e-20
70,$10^{-6}$ Mpc$^{-3}$,6,SC,1.0,-16.44295302013423,990840.9382133232,9.930934710376449e+51,11200501.627231097,-20.042953020134227,9.058305839474052e-21
71,$10^{-6}$ Mpc$^{-3}$,6,SC,1.0,-16.67785234899329,744363.2015105602,9.930934710376449e+51,11944864.828741658,-20.277852348993292,5.27409138981152e-21
72,$10^{-6}$ Mpc$^{-3}$,6,SC,1.0,-16.91275167785235,540426.2158531384,9.930934710376449e+51,12485291.044594796,-20.51275167785235,3.0707773043904576e-21
73,$10^{-6}$ Mpc$^{-3}$,6,SC,1.0,-17.14765100671141,380827.2119001631,9.930934710376449e+51,12866118.25649496,-20.747651006711408,1.7879237495534773e-21
74,$10^{-6}$ Mpc$^{-3}$,6,SC,1.0,-17.38255033557047,262469.94467975426,9.930934710376449e+51,13128588.201174714,-20.982550335570473,1.0409974470134513e-21
75,$10^{-6}$ Mpc$^{-3}$,6,SC,1.0,-17.61744966442953,165180.24142619252,9.930934710376449e+51,13293768.442600906,-21.21744966442953,6.061084455974043e-22
76,$10^{-6}$ Mpc$^{-3}$,6,SC,1.0,-17.85234899328859,0.0,9.930934710376449e+51,13293768.442600906,-21.452348993288588,3.528994704823273e-22
77,$10^{-6}$ Mpc$^{-3}$,6,SC,1.0,-18.08724832214765,0.0,9.930934710376449e+51,13293768.442600906,-21.687248322147653,2.054715408955495e-22
78,$10^{-6}$ Mpc$^{-3}$,6,SC,1.0,-18.322147651006713,0.0,9.930934710376449e+51,13293768.442600906,-21.92214765100671,1.196333733804976e-22
79,$10^{-6}$ Mpc$^{-3}$,6,SC,1.0,-18.557046979865774,0.0,9.930934710376449e+51,13293768.442600906,-22.157046979865775,6.965511605168148e-23
80,$10^{-6}$ Mpc$^{-3}$,6,SC,1.0,-18.79194630872483,0.0,9.930934710376449e+51,13293768.442600906,-22.391946308724833,4.0555867105259037e-23
81,$10^{-6}$ Mpc$^{-3}$,6,SC,1.0,-19.026845637583893,0.0,9.930934710376449e+51,13293768.442600906,-22.62684563758389,2.3613173732121388e-23
82,$10^{-6}$ Mpc$^{-3}$,6,SC,1.0,-19.261744966442954,0.0,9.930934710376449e+51,13293768.442600906,-22.861744966442956,1.3748490995302492e-23
83,$10^{-6}$ Mpc$^{-3}$,6,SC,1.0,-19.496644295302012,0.0,9.930934710376449e+51,13293768.442600906,-23.096644295302013,8.0048961987176e-24
84,$10^{-6}$ Mpc$^{-3}$,6,SC,1.0,-19.731543624161073,0.0,9.930934710376449e+51,13293768.442600906,-23.33154362416107,4.6607560912784846e-24
85,$10^{-6}$ Mpc$^{-3}$,6,SC,1.0,-19.966442953020135,0.0,9.930934710376449e+51,13293768.442600906,-23.566442953020136,2.7136700843003005e-24
86,$10^{-6}$ Mpc$^{-3}$,6,SC,1.0,-20.201342281879196,0.0,9.930934710376449e+51,13293768.442600906,-23.801342281879194,1.5800022962382722e-24
87,$10^{-6}$ Mpc$^{-3}$,6,SC,1.0,-20.436241610738257,0.0,9.930934710376449e+51,13293768.442600906,-24.03624161073826,9.19937641115962e-25
88,$10^{-6}$ Mpc$^{-3}$,6,SC,1.0,-20.671140939597315,0.0,9.930934710376449e+51,13293768.442600906,-24.271140939597316,5.356228060914098e-25
89,$10^{-6}$ Mpc$^{-3}$,6,SC,1.0,-20.906040268456376,0.0,9.930934710376449e+51,13293768.442600906,-24.506040268456374,3.1186004092322174e-25
90,$10^{-6}$ Mpc$^{-3}$,6,SC,1.0,-21.140939597315437,0.0,9.930934710376449e+51,13293768.442600906,-24.74093959731544,1.815768186465795e-25
91,$10^{-6}$ Mpc$^{-3}$,6,SC,1.0,-21.375838926174495,0.0,9.930934710376449e+51,13293768.442600906,-24.975838926174497,1.0572095409277022e-25
92,$10^{-6}$ Mpc$^{-3}$,6,SC,1.0,-21.610738255033556,0.0,9.930934710376449e+51,13293768.442600906,-25.210738255033554,6.155477454443315e-26
93,$10^{-6}$ Mpc$^{-3}$,6,SC,1.0,-21.845637583892618,0.0,9.930934710376449e+51,13293768.442600906,-25.44563758389262,3.583953911247426e-26
94,$10^{-6}$ Mpc$^{-3}$,6,SC,1.0,-22.08053691275168,0.0,9.930934710376449e+51,13293768.442600906,-25.680536912751684,2.0867147565740477e-26
95,$10^{-6}$ Mpc$^{-3}$,6,SC,1.0,-22.31543624161074,0.0,9.930934710376449e+51,13293768.442600906,-25.91543624161074,1.2149649753136417e-26
96,$10^{-6}$ Mpc$^{-3}$,6,SC,1.0,-22.550335570469798,0.0,9.930934710376449e+51,13293768.442600906,-26.1503355704698,7.07398980425285e-27
97,$10^{-6}$ Mpc$^{-3}$,6,SC,1.0,-22.78523489932886,0.0,9.930934710376449e+51,13293768.442600906,-26.385234899328857,4.118746858340929e-27
98,$10^{-6}$ Mpc$^{-3}$,6,SC,1.0,-23.02013422818792,0.0,9.930934710376449e+51,13293768.442600906,-26.620134228187922,2.3980916219152983e-27
99,$10^{-6}$ Mpc$^{-3}$,6,SC,1.0,-23.25503355704698,0.0,9.930934710376449e+51,13293768.442600906,-26.85503355704698,1.3962604706949469e-27
100,$10^{-6}$ Mpc$^{-3}$,6,SC,1.0,-23.48993288590604,0.0,9.930934710376449e+51,13293768.442600906,-27.089932885906045,8.12956137375681e-28
101,$10^{-6}$ Mpc$^{-3}$,6,SC,1.0,-23.7248322147651,0.0,9.930934710376449e+51,13293768.442600906,-27.324832214765102,4.733340914305594e-28
102,$10^{-6}$ Mpc$^{-3}$,6,SC,1.0,-23.959731543624162,0.0,9.930934710376449e+51,13293768.442600906,-27.55973154362416,2.755931738625377e-28
103,$10^{-6}$ Mpc$^{-3}$,6,SC,1.0,-24.194630872483224,0.0,9.930934710376449e+51,13293768.442600906,-27.794630872483225,1.604608644394848e-28
104,$10^{-6}$ Mpc$^{-3}$,6,SC,1.0,-24.42953020134228,0.0,9.930934710376449e+51,13293768.442600906,-28.029530201342283,9.34264396167873e-29
105,$10^{-6}$ Mpc$^{-3}$,6,SC,1.0,-24.664429530201343,0.0,9.930934710376449e+51,13293768.442600906,-28.264429530201348,5.439643896945894e-29
106,$10^{-6}$ Mpc$^{-3}$,6,SC,1.0,-24.899328859060404,0.0,9.930934710376449e+51,13293768.442600906,-28.499328859060405,3.1671682927178977e-29
107,$10^{-6}$ Mpc$^{-3}$,6,SC,1.0,-25.13422818791946,0.0,9.930934710376449e+51,13293768.442600906,-28.734228187919463,1.8440462619307703e-29
108,$10^{-6}$ Mpc$^{-3}$,6,SC,1.0,-25.369127516778523,0.0,9.930934710376449e+51,13293768.442600906,-28.96912751677852,1.0736741157580577e-29
109,$10^{-6}$ Mpc$^{-3}$,6,SC,1.0,-25.604026845637584,0.0,9.930934710376449e+51,13293768.442600906,-29.204026845637586,6.251340493170915e-30
110,$10^{-6}$ Mpc$^{-3}$,6,SC,1.0,-25.838926174496645,0.0,9.930934710376449e+51,13293768.442600906,-29.43892617449665,3.639769031217338e-30
111,$10^{-6}$ Mpc$^{-3}$,6,SC,1.0,-26.073825503355707,0.0,9.930934710376449e+51,13293768.442600906,-29.673825503355708,2.1192124497267903e-30
112,$10^{-6}$ Mpc$^{-3}$,6,SC,1.0,-26.308724832214764,0.0,9.930934710376449e+51,13293768.442600906,-29.908724832214766,1.2338863726127609e-30
113,$10^{-6}$ Mpc$^{-3}$,6,SC,1.0,-26.543624161073826,0.0,9.930934710376449e+51,13293768.442600906,-30.143624161073824,7.184157401093766e-31
114,$10^{-6}$ Mpc$^{-3}$,6,SC,1.0,-26.778523489932887,0.0,9.930934710376449e+51,13293768.442600906,-30.37852348993289,4.182890638009118e-31
115,$10^{-6}$ Mpc$^{-3}$,6,SC,1.0,-27.013422818791945,0.0,9.930934710376449e+51,13293768.442600906,-30.613422818791946,2.4354385786259104e-31
116,$10^{-6}$ Mpc$^{-3}$,6,SC,1.0,-27.248322147651006,0.0,9.930934710376449e+51,13293768.442600906,-30.84832214765101,1.4180052943201927e-31
117,$10^{-6}$ Mpc$^{-3}$,6,SC,1.0,-27.483221476510067,0.0,9.930934710376449e+51,13293768.442600906,-31.08322147651007,8.256168036291025e-32
118,$10^{-6}$ Mpc$^{-3}$,6,SC,1.0,-27.71812080536913,0.0,9.930934710376449e+51,13293768.442600906,-31.318120805369126,4.8070561454534154e-32
119,$10^{-6}$ Mpc$^{-3}$,6,SC,1.0,-27.95302013422819,0.0,9.930934710376449e+51,13293768.442600906,-31.55302013422819,2.798851559702743e-32
120,$10^{-6}$ Mpc$^{-3}$,6,SC,1.0,-28.187919463087248,0.0,9.930934710376449e+51,13293768.442600906,-31.78791946308725,1.629598202355034e-32
121,$10^{-6}$ Mpc$^{-3}$,6,SC,1.0,-28.42281879194631,0.0,9.930934710376449e+51,13293768.442600906,-32.022818791946314,9.488142705934562e-33
122,$10^{-6}$ Mpc$^{-3}$,6,SC,1.0,-28.65771812080537,0.0,9.930934710376449e+51,13293768.442600906,-32.25771812080537,5.524358819129781e-33
123,$10^{-6}$ Mpc$^{-3}$,6,SC,1.0,-28.892617449664428,0.0,9.930934710376449e+51,13293768.442600906,-32.49261744966443,3.216492553743792e-33
124,$10^{-6}$ Mpc$^{-3}$,6,SC,1.0,-29.12751677852349,0.0,9.930934710376449e+51,13293768.442600906,-32.72751677852349,1.8727647292684317e-33
125,$10^{-6}$ Mpc$^{-3}$,6,SC,1.0,-29.36241610738255,0.0,9.930934710376449e+51,13293768.442600906,-32.96241610738255,1.0903951035451935e-33
126,$10^{-6}$ Mpc$^{-3}$,6,SC,1.0,-29.59731543624161,0.0,9.930934710376449e+51,13293768.442600906,-33.19731543624162,6.348696465998607e-34
127,$10^{-6}$ Mpc$^{-3}$,6,SC,1.0,-29.832214765100673,0.0,9.930934710376449e+51,13293768.442600906,-33.432214765100674,3.696453394401483e-34
128,$10^{-6}$ Mpc$^{-3}$,6,SC,1.0,-30.06711409395973,0.0,9.930934710376449e+51,13293768.442600906,-33.66711409395973,2.152216249455395e-34
129,$10^{-6}$ Mpc$^{-3}$,6,SC,1.0,-30.302013422818792,0.0,9.930934710376449e+51,13293768.442600906,-33.90201342281879,1.253102444477012e-34
130,$10^{-6}$ Mpc$^{-3}$,6,SC,1.0,-30.536912751677853,0.0,9.930934710376449e+51,13293768.442600906,-34.136912751677855,7.296040705721759e-35
131,$10^{-6}$ Mpc$^{-3}$,6,SC,1.0,-30.77181208053691,0.0,9.930934710376449e+51,13293768.442600906,-34.37181208053691,4.2480333682348233e-35
132,$10^{-6}$ Mpc$^{-3}$,6,SC,1.0,-31.006711409395972,0.0,9.930934710376449e+51,13293768.442600906,-34.60671140939598,2.473367162478164e-35
133,$10^{-6}$ Mpc$^{-3}$,6,SC,1.0,-31.241610738255034,0.0,9.930934710376449e+51,13293768.442600906,-34.841610738255035,1.4400887634664208e-35
134,$10^{-6}$ Mpc$^{-3}$,6,SC,1.0,-31.476510067114095,0.0,9.930934710376449e+51,13293768.442600906,-35.07651006711409,8.384746422299745e-36
135,$10^{-6}$ Mpc$^{-3}$,6,SC,1.0,-31.711409395973156,0.0,9.930934710376449e+51,13293768.442600906,-35.31140939597316,4.881919389263155e-36
136,$10^{-6}$ Mpc$^{-3}$,6,SC,1.0,-31.946308724832214,0.0,9.930934710376449e+51,13293768.442600906,-35.546308724832215,2.842439797568385e-36
137,$10^{-6}$ Mpc$^{-3}$,6,SC,1.0,-32.18120805369128,0.0,9.930934710376449e+51,13293768.442600906,-35.78120805369128,1.654976938080891e-36
138,$10^{-6}$ Mpc$^{-3}$,6,SC,1.0,-32.41610738255034,0.0,9.930934710376449e+51,13293768.442600906,-36.01610738255034,9.635907391680653e-37
139,$10^{-6}$ Mpc$^{-3}$,6,SC,1.0,-32.651006711409394,0.0,9.930934710376449e+51,13293768.442600906,-36.251006711409396,5.6103930589338246e-37
140,$10^{-6}$ Mpc$^{-3}$,6,SC,1.0,-32.88590604026846,0.0,9.930934710376449e+51,13293768.442600906,-36.48590604026846,3.266584971842732e-37
141,$10^{-6}$ Mpc$^{-3}$,6,SC,1.0,-33.12080536912752,0.0,9.930934710376449e+51,13293768.442600906,-36.72080536912752,1.9019304469724177e-37
142,$10^{-6}$ Mpc$^{-3}$,6,SC,1.0,-33.355704697986575,0.0,9.930934710376449e+51,13293768.442600906,-36.955704697986576,1.107376497565928e-37
143,$10^{-6}$ Mpc$^{-3}$,6,SC,1.0,-33.59060402684564,0.0,9.930934710376449e+51,13293768.442600906,-37.19060402684564,6.44756862330805e-38
144,$10^{-6}$ Mpc$^{-3}$,6,SC,1.0,-33.8255033557047,0.0,9.930934710376449e+51,13293768.442600906,-37.4255033557047,3.7540205380593425e-38
145,$10^{-6}$ Mpc$^{-3}$,6,SC,1.0,-34.060402684563755,0.0,9.930934710376449e+51,13293768.442600906,-37.660402684563756,2.1857340376690456e-38
146,$10^{-6}$ Mpc$^{-3}$,6,SC,1.0,-34.29530201342282,0.0,9.930934710376449e+51,13293768.442600906,-37.89530201342282,1.272617780054732e-38
147,$10^{-6}$ Mpc$^{-3}$,6,SC,1.0,-34.53020134228188,0.0,9.930934710376449e+51,13293768.442600906,-38.13020134228188,7.409666437910351e-39
148,$10^{-6}$ Mpc$^{-3}$,6,SC,1.0,-34.76510067114094,0.0,9.930934710376449e+51,13293768.442600906,-38.365100671140944,4.314190606289733e-39
149,$10^{-6}$ Mpc$^{-3}$,6,SC,1.0,-35.0,0.0,9.930934710376449e+51,13293768.442600906,-38.6,2.5118864315095717e-39
0,$10^{-7}$ Mpc$^{-3}$,7,SC,1.0,0.0,0.0,9.930934710376446e+52,0.0,-3.5999999999999996,0.0002511886431509582
1,$10^{-7}$ Mpc$^{-3}$,7,SC,1.0,-0.23489932885905773,0.0,9.930934710376446e+52,0.0,-3.8348993288590574,0.0001462516152068729
2,$10^{-7}$ Mpc$^{-3}$,7,SC,1.0,-0.46979865771812257,0.0,9.930934710376446e+52,0.0,-4.069798657718122,8.51532723864601e-05
3,$10^{-7}$ Mpc$^{-3}$,7,SC,1.0,-0.7046979865771803,0.0,9.930934710376446e+52,0.0,-4.30469798657718,4.9579485244427106e-05
4,$10^{-7}$ Mpc$^{-3}$,7,SC,1.0,-0.9395973154362451,0.0,9.930934710376446e+52,0.0,-4.539597315436245,2.8867068618882372e-05
5,$10^{-7}$ Mpc$^{-3}$,7,SC,1.0,-1.1744966442953029,0.0,9.930934710376446e+52,0.0,-4.7744966442953025,1.6807509124773407e-05
6,$10^{-7}$ Mpc$^{-3}$,7,SC,1.0,-1.4093959731543606,0.0,9.930934710376446e+52,0.0,-5.00939597315436,9.785973307818268e-06
7,$10^{-7}$ Mpc$^{-3}$,7,SC,1.0,-1.6442953020134254,0.0,9.930934710376446e+52,0.0,-5.244295302013425,5.697767162903216e-06
8,$10^{-7}$ Mpc$^{-3}$,7,SC,1.0,-1.8791946308724832,0.0,9.930934710376446e+52,0.0,-5.479194630872483,3.3174575099976933e-06
9,$10^{-7}$ Mpc$^{-3}$,7,SC,1.0,-2.114093959731548,0.0,9.930934710376446e+52,0.0,-5.714093959731548,1.9315503803479767e-06
10,$10^{-7}$ Mpc$^{-3}$,7,SC,1.0,-2.3489932885906057,0.0,9.930934710376446e+52,0.0,-5.948993288590605,1.1246223532867697e-06
11,$10^{-7}$ Mpc$^{-3}$,7,SC,1.0,-2.5838926174496635,0.0,9.930934710376446e+52,0.0,-6.183892617449663,6.547980577573222e-07
12,$10^{-7}$ Mpc$^{-3}$,7,SC,1.0,-2.8187919463087283,0.0,9.930934710376446e+52,0.0,-6.418791946308728,3.812484210274486e-07
13,$10^{-7}$ Mpc$^{-3}$,7,SC,1.0,-3.053691275167786,0.0,9.930934710376446e+52,0.0,-6.653691275167786,2.219773819026722e-07
14,$10^{-7}$ Mpc$^{-3}$,7,SC,1.0,-3.2885906040268473,0.0,9.930934710376446e+52,0.0,-6.888590604026847,1.2924370399639455e-07
15,$10^{-7}$ Mpc$^{-3}$,7,SC,1.0,-3.5234899328859086,0.0,9.930934710376446e+52,0.0,-7.123489932885908,7.525061733556093e-08
16,$10^{-7}$ Mpc$^{-3}$,7,SC,1.0,-3.7583892617449663,0.0,9.930934710376446e+52,0.0,-7.358389261744966,4.3813781517287975e-08
17,$10^{-7}$ Mpc$^{-3}$,7,SC,1.0,-3.9932885906040276,0.0,9.930934710376446e+52,0.0,-7.593288590604027,2.551005584823911e-08
18,$10^{-7}$ Mpc$^{-3}$,7,SC,1.0,-4.228187919463089,0.0,9.930934710376446e+52,0.0,-7.828187919463089,1.4852928161964324e-08
19,$10^{-7}$ Mpc$^{-3}$,7,SC,1.0,-4.463087248322147,0.0,9.930934710376446e+52,0.0,-8.063087248322146,8.647941670410052e-09
20,$10^{-7}$ Mpc$^{-3}$,7,SC,1.0,-4.697986577181208,0.0,9.930934710376446e+52,0.0,-8.297986577181208,5.035161708135759e-09
21,$10^{-7}$ Mpc$^{-3}$,7,SC,1.0,-4.932885906040269,0.0,9.930934710376446e+52,0.0,-8.532885906040269,2.9316633244445185e-09
22,$10^{-7}$ Mpc$^{-3}$,7,SC,1.0,-5.1677852348993305,0.0,9.930934710376446e+52,0.0,-8.76778523489933,1.7069262808393908e-09
23,$10^{-7}$ Mpc$^{-3}$,7,SC,1.0,-5.402684563758392,0.0,9.930934710376446e+52,0.0,-9.002684563758391,9.938376292824325e-10
24,$10^{-7}$ Mpc$^{-3}$,7,SC,1.0,-5.6375838926174495,0.0,9.930934710376446e+52,0.0,-9.23758389261745,5.786501997567348e-10
25,$10^{-7}$ Mpc$^{-3}$,7,SC,1.0,-5.872483221476511,0.0,9.930934710376446e+52,0.0,-9.47248322147651,3.369122317498318e-10
26,$10^{-7}$ Mpc$^{-3}$,7,SC,1.0,-6.107382550335572,0.0009249008992175268,9.930934710376446e+52,0.0009249008992175268,-9.707382550335572,1.961631603175321e-10
27,$10^{-7}$ Mpc$^{-3}$,7,SC,1.0,-6.34228187919463,0.0,9.930934710376446e+52,0.0009249008992175268,-9.94228187919463,1.142136789332563e-10
28,$10^{-7}$ Mpc$^{-3}$,7,SC,1.0,-6.577181208053691,0.0,9.930934710376446e+52,0.0009249008992175268,-10.17718120805369,6.649956308999661e-11
29,$10^{-7}$ Mpc$^{-3}$,7,SC,1.0,-6.812080536912752,0.0,9.930934710376446e+52,0.0009249008992175268,-10.412080536912752,3.871858373237991e-11
30,$10^{-7}$ Mpc$^{-3}$,7,SC,1.0,-7.046979865771814,0.00136299739872836,9.930934710376446e+52,0.0022878982979458867,-10.646979865771813,2.2543437228489477e-11
31,$10^{-7}$ Mpc$^{-3}$,7,SC,1.0,-7.281879194630875,0.0,9.930934710376446e+52,0.0022878982979458867,-10.881879194630875,1.3125649574052936e-11
32,$10^{-7}$ Mpc$^{-3}$,7,SC,1.0,-7.516778523489933,0.0022121116347115005,9.930934710376446e+52,0.004500009932657387,-11.116778523489932,7.642254151159948e-12
33,$10^{-7}$ Mpc$^{-3}$,7,SC,1.0,-7.751677852348994,0.0033102176934536017,9.930934710376446e+52,0.007810227626110989,-11.351677852348994,4.449612050162862e-12
34,$10^{-7}$ Mpc$^{-3}$,7,SC,1.0,-7.986577181208055,0.004631324953301198,9.930934710376446e+52,0.012441552579412186,-11.586577181208055,2.5907339647883124e-12
35,$10^{-7}$ Mpc$^{-3}$,7,SC,1.0,-8.221476510067113,0.006176561101424062,9.930934710376446e+52,0.01861811368083625,-11.821476510067113,1.5084241953323003e-12
36,$10^{-7}$ Mpc$^{-3}$,7,SC,1.0,-8.456375838926174,0.017890979926564715,9.930934710376446e+52,0.03650909360740097,-12.056375838926174,8.782621388336169e-13
37,$10^{-7}$ Mpc$^{-3}$,7,SC,1.0,-8.691275167785236,0.04409371719861955,9.930934710376446e+52,0.08060281080602051,-12.291275167785235,5.113577380258574e-13
38,$10^{-7}$ Mpc$^{-3}$,7,SC,1.0,-8.926174496644297,0.07032326349088802,9.930934710376446e+52,0.15092607429690852,-12.526174496644296,2.977319921660189e-13
39,$10^{-7}$ Mpc$^{-3}$,7,SC,1.0,-9.161073825503358,0.1926298404837087,9.930934710376446e+52,0.34355591478061726,-12.761073825503358,1.733509294322323e-13
40,$10^{-7}$ Mpc$^{-3}$,7,SC,1.0,-9.395973154362416,0.3127101596913173,9.930934710376446e+52,0.6562660744719346,-12.995973154362416,1.0093152743311001e-13
41,$10^{-7}$ Mpc$^{-3}$,7,SC,1.0,-9.630872483221477,0.6975345943298223,9.930934710376446e+52,1.353800668801757,-13.230872483221477,5.87661875442266e-14
42,$10^{-7}$ Mpc$^{-3}$,7,SC,1.0,-9.865771812080538,1.6787213112586024,9.930934710376446e+52,3.032521980060359,-13.465771812080538,3.421591732842759e-14
43,$10^{-7}$ Mpc$^{-3}$,7,SC,1.0,-10.100671140939596,3.4063889137851593,9.930934710376446e+52,6.438910893845518,-13.700671140939596,1.9921812993989565e-14
44,$10^{-7}$ Mpc$^{-3}$,7,SC,1.0,-10.335570469798657,7.073846205910256,9.930934710376446e+52,13.512757099755774,-13.935570469798657,1.1599239884699797e-14
45,$10^{-7}$ Mpc$^{-3}$,7,SC,1.0,-10.570469798657719,14.875294085307846,9.930934710376446e+52,28.38805118506362,-14.170469798657718,6.7535201712515895e-15
46,$10^{-7}$ Mpc$^{-3}$,7,SC,1.0,-10.80536912751678,31.28912707967875,9.930934710376446e+52,59.677178264742366,-14.40536912751678,3.9321572065825545e-15
47,$10^{-7}$ Mpc$^{-3}$,7,SC,1.0,-11.040268456375841,65.19540450847138,9.930934710376446e+52,124.87258277321375,-14.640268456375841,2.2894520050591127e-15
48,$10^{-7}$ Mpc$^{-3}$,7,SC,1.0,-11.275167785234899,133.6432336688307,9.930934710376446e+52,258.51581644204447,-14.875167785234899,1.3330063392925006e-15
49,$10^{-7}$ Mpc$^{-3}$,7,SC,1.0,-11.51006711409396,260.8053457646171,9.930934710376446e+52,519.3211622066615,-15.11006711409396,7.761271678408036e-16
50,$10^{-7}$ Mpc$^{-3}$,7,SC,1.0,-11.744966442953022,533.1783221633482,9.930934710376446e+52,1052.4994843700097,-15.344966442953021,4.518908597091139e-16
51,$10^{-7}$ Mpc$^{-3}$,7,SC,1.0,-11.97986577181208,1003.550663239577,9.930934710376446e+52,2056.050147609587,-15.579865771812079,2.631081059264371e-16
52,$10^{-7}$ Mpc$^{-3}$,7,SC,1.0,-12.21476510067114,1955.6178728761408,9.930934710376446e+52,4011.6680204857275,-15.81476510067114,1.5319158136714243e-16
53,$10^{-7}$ Mpc$^{-3}$,7,SC,1.0,-12.449664429530202,3600.264448333778,9.930934710376446e+52,7611.932468819506,-16.049664429530203,8.91939855639685e-17
54,$10^{-7}$ Mpc$^{-3}$,7,SC,1.0,-12.684563758389263,6623.1647072801015,9.930934710376446e+52,14235.097176099607,-16.28456375838926,5.1932142679035517e-17
55,$10^{-7}$ Mpc$^{-3}$,7,SC,1.0,-12.919463087248324,11735.007418769066,9.930934710376446e+52,25970.104594868673,-16.519463087248326,3.0236875571632014e-17
56,$10^{-7}$ Mpc$^{-3}$,7,SC,1.0,-13.154362416107382,20402.714498645986,9.930934710376446e+52,46372.819093514656,-16.754362416107384,1.760506301434493e-17
57,$10^{-7}$ Mpc$^{-3}$,7,SC,1.0,-13.389261744966444,34184.51844788932,9.930934710376446e+52,80557.33754140398,-16.98926174496644,1.0250339622716748e-17
58,$10^{-7}$ Mpc$^{-3}$,7,SC,1.0,-13.624161073825505,54756.07017537196,9.930934710376446e+52,135313.40771677595,-17.224161073825506,5.968138954993951e-18
59,$10^{-7}$ Mpc$^{-3}$,7,SC,1.0,-13.859060402684563,83412.52632555069,9.930934710376446e+52,218725.93404232664,-17.459060402684564,3.474878286684173e-18
60,$10^{-7}$ Mpc$^{-3}$,7,SC,1.0,-14.093959731543624,116046.73344211275,9.930934710376446e+52,334772.6674844394,-17.69395973154362,2.0232067648433924e-18
61,$10^{-7}$ Mpc$^{-3}$,7,SC,1.0,-14.328859060402685,145315.1567306869,9.930934710376446e+52,480087.8242151263,-17.928859060402687,1.1779881986065197e-18
62,$10^{-7}$ Mpc$^{-3}$,7,SC,1.0,-14.563758389261746,161272.2066556526,9.930934710376446e+52,641360.030870779,-18.163758389261744,6.858696897267782e-19
63,$10^{-7}$ Mpc$^{-3}$,7,SC,1.0,-14.798657718120808,159379.7142581488,9.930934710376446e+52,800739.7451289278,-18.39865771812081,3.993395110769115e-19
64,$10^{-7}$ Mpc$^{-3}$,7,SC,1.0,-15.033557046979865,141642.78582223447,9.930934710376446e+52,942382.5309511621,-18.633557046979867,2.3251070501552024e-19
65,$10^{-7}$ Mpc$^{-3}$,7,SC,1.0,-15.268456375838927,116229.43449832837,9.930934710376446e+52,1058611.9654494906,-18.868456375838925,1.353766067400284e-19
66,$10^{-7}$ Mpc$^{-3}$,7,SC,1.0,-15.503355704697988,90129.94840544999,9.930934710376446e+52,1148741.9138549406,-19.10335570469799,7.882142738856123e-20
67,$10^{-7}$ Mpc$^{-3}$,7,SC,1.0,-15.738255033557046,66851.69733684446,9.930934710376446e+52,1215593.611191785,-19.338255033557047,4.5892843417926456e-20
68,$10^{-7}$ Mpc$^{-3}$,7,SC,1.0,-15.973154362416107,47897.64185051667,9.930934710376446e+52,1263491.2530423016,-19.573154362416105,2.6720565038739278e-20
69,$10^{-7}$ Mpc$^{-3}$,7,SC,1.0,-16.20805369127517,33510.31190005281,9.930934710376446e+52,1297001.5649423546,-19.80805369127517,1.5557732814406287e-20
70,$10^{-7}$ Mpc$^{-3}$,7,SC,1.0,-16.44295302013423,22888.65661425656,9.930934710376446e+52,1319890.2215566111,-20.042953020134227,9.058305839474052e-21
71,$10^{-7}$ Mpc$^{-3}$,7,SC,1.0,-16.67785234899329,9486.622703479496,9.930934710376446e+52,1329376.8442600905,-20.277852348993292,5.27409138981152e-21
72,$10^{-7}$ Mpc$^{-3}$,7,SC,1.0,-16.91275167785235,0.0,9.930934710376446e+52,1329376.8442600905,-20.51275167785235,3.0707773043904576e-21
73,$10^{-7}$ Mpc$^{-3}$,7,SC,1.0,-17.14765100671141,0.0,9.930934710376446e+52,1329376.8442600905,-20.747651006711408,1.7879237495534773e-21
74,$10^{-7}$ Mpc$^{-3}$,7,SC,1.0,-17.38255033557047,0.0,9.930934710376446e+52,1329376.8442600905,-20.982550335570473,1.0409974470134513e-21
75,$10^{-7}$ Mpc$^{-3}$,7,SC,1.0,-17.61744966442953,0.0,9.930934710376446e+52,1329376.8442600905,-21.21744966442953,6.061084455974043e-22
76,$10^{-7}$ Mpc$^{-3}$,7,SC,1.0,-17.85234899328859,0.0,9.930934710376446e+52,1329376.8442600905,-21.452348993288588,3.528994704823273e-22
77,$10^{-7}$ Mpc$^{-3}$,7,SC,1.0,-18.08724832214765,0.0,9.930934710376446e+52,1329376.8442600905,-21.687248322147653,2.054715408955495e-22
78,$10^{-7}$ Mpc$^{-3}$,7,SC,1.0,-18.322147651006713,0.0,9.930934710376446e+52,1329376.8442600905,-21.92214765100671,1.196333733804976e-22
79,$10^{-7}$ Mpc$^{-3}$,7,SC,1.0,-18.557046979865774,0.0,9.930934710376446e+52,1329376.8442600905,-22.157046979865775,6.965511605168148e-23
80,$10^{-7}$ Mpc$^{-3}$,7,SC,1.0,-18.79194630872483,0.0,9.930934710376446e+52,1329376.8442600905,-22.391946308724833,4.0555867105259037e-23
81,$10^{-7}$ Mpc$^{-3}$,7,SC,1.0,-19.026845637583893,0.0,9.930934710376446e+52,1329376.8442600905,-22.62684563758389,2.3613173732121388e-23
82,$10^{-7}$ Mpc$^{-3}$,7,SC,1.0,-19.261744966442954,0.0,9.930934710376446e+52,1329376.8442600905,-22.861744966442956,1.3748490995302492e-23
83,$10^{-7}$ Mpc$^{-3}$,7,SC,1.0,-19.496644295302012,0.0,9.930934710376446e+52,1329376.8442600905,-23.096644295302013,8.0048961987176e-24
84,$10^{-7}$ Mpc$^{-3}$,7,SC,1.0,-19.731543624161073,0.0,9.930934710376446e+52,1329376.8442600905,-23.33154362416107,4.6607560912784846e-24
85,$10^{-7}$ Mpc$^{-3}$,7,SC,1.0,-19.966442953020135,0.0,9.930934710376446e+52,1329376.8442600905,-23.566442953020136,2.7136700843003005e-24
86,$10^{-7}$ Mpc$^{-3}$,7,SC,1.0,-20.201342281879196,0.0,9.930934710376446e+52,1329376.8442600905,-23.801342281879194,1.5800022962382722e-24
87,$10^{-7}$ Mpc$^{-3}$,7,SC,1.0,-20.436241610738257,0.0,9.930934710376446e+52,1329376.8442600905,-24.03624161073826,9.19937641115962e-25
88,$10^{-7}$ Mpc$^{-3}$,7,SC,1.0,-20.671140939597315,0.0,9.930934710376446e+52,1329376.8442600905,-24.271140939597316,5.356228060914098e-25
89,$10^{-7}$ Mpc$^{-3}$,7,SC,1.0,-20.906040268456376,0.0,9.930934710376446e+52,1329376.8442600905,-24.506040268456374,3.1186004092322174e-25
90,$10^{-7}$ Mpc$^{-3}$,7,SC,1.0,-21.140939597315437,0.0,9.930934710376446e+52,1329376.8442600905,-24.74093959731544,1.815768186465795e-25
91,$10^{-7}$ Mpc$^{-3}$,7,SC,1.0,-21.375838926174495,0.0,9.930934710376446e+52,1329376.8442600905,-24.975838926174497,1.0572095409277022e-25
92,$10^{-7}$ Mpc$^{-3}$,7,SC,1.0,-21.610738255033556,0.0,9.930934710376446e+52,1329376.8442600905,-25.210738255033554,6.155477454443315e-26
93,$10^{-7}$ Mpc$^{-3}$,7,SC,1.0,-21.845637583892618,0.0,9.930934710376446e+52,1329376.8442600905,-25.44563758389262,3.583953911247426e-26
94,$10^{-7}$ Mpc$^{-3}$,7,SC,1.0,-22.08053691275168,0.0,9.930934710376446e+52,1329376.8442600905,-25.680536912751684,2.0867147565740477e-26
95,$10^{-7}$ Mpc$^{-3}$,7,SC,1.0,-22.31543624161074,0.0,9.930934710376446e+52,1329376.8442600905,-25.91543624161074,1.2149649753136417e-26
96,$10^{-7}$ Mpc$^{-3}$,7,SC,1.0,-22.550335570469798,0.0,9.930934710376446e+52,1329376.8442600905,-26.1503355704698,7.07398980425285e-27
97,$10^{-7}$ Mpc$^{-3}$,7,SC,1.0,-22.78523489932886,0.0,9.930934710376446e+52,1329376.8442600905,-26.385234899328857,4.118746858340929e-27
98,$10^{-7}$ Mpc$^{-3}$,7,SC,1.0,-23.02013422818792,0.0,9.930934710376446e+52,1329376.8442600905,-26.620134228187922,2.3980916219152983e-27
99,$10^{-7}$ Mpc$^{-3}$,7,SC,1.0,-23.25503355704698,0.0,9.930934710376446e+52,1329376.8442600905,-26.85503355704698,1.3962604706949469e-27
100,$10^{-7}$ Mpc$^{-3}$,7,SC,1.0,-23.48993288590604,0.0,9.930934710376446e+52,1329376.8442600905,-27.089932885906045,8.12956137375681e-28
101,$10^{-7}$ Mpc$^{-3}$,7,SC,1.0,-23.7248322147651,0.0,9.930934710376446e+52,1329376.8442600905,-27.324832214765102,4.733340914305594e-28
102,$10^{-7}$ Mpc$^{-3}$,7,SC,1.0,-23.959731543624162,0.0,9.930934710376446e+52,1329376.8442600905,-27.55973154362416,2.755931738625377e-28
103,$10^{-7}$ Mpc$^{-3}$,7,SC,1.0,-24.194630872483224,0.0,9.930934710376446e+52,1329376.8442600905,-27.794630872483225,1.604608644394848e-28
104,$10^{-7}$ Mpc$^{-3}$,7,SC,1.0,-24.42953020134228,0.0,9.930934710376446e+52,1329376.8442600905,-28.029530201342283,9.34264396167873e-29
105,$10^{-7}$ Mpc$^{-3}$,7,SC,1.0,-24.664429530201343,0.0,9.930934710376446e+52,1329376.8442600905,-28.264429530201348,5.439643896945894e-29
106,$10^{-7}$ Mpc$^{-3}$,7,SC,1.0,-24.899328859060404,0.0,9.930934710376446e+52,1329376.8442600905,-28.499328859060405,3.1671682927178977e-29
107,$10^{-7}$ Mpc$^{-3}$,7,SC,1.0,-25.13422818791946,0.0,9.930934710376446e+52,1329376.8442600905,-28.734228187919463,1.8440462619307703e-29
108,$10^{-7}$ Mpc$^{-3}$,7,SC,1.0,-25.369127516778523,0.0,9.930934710376446e+52,1329376.8442600905,-28.96912751677852,1.0736741157580577e-29
109,$10^{-7}$ Mpc$^{-3}$,7,SC,1.0,-25.604026845637584,0.0,9.930934710376446e+52,1329376.8442600905,-29.204026845637586,6.251340493170915e-30
110,$10^{-7}$ Mpc$^{-3}$,7,SC,1.0,-25.838926174496645,0.0,9.930934710376446e+52,1329376.8442600905,-29.43892617449665,3.639769031217338e-30
111,$10^{-7}$ Mpc$^{-3}$,7,SC,1.0,-26.073825503355707,0.0,9.930934710376446e+52,1329376.8442600905,-29.673825503355708,2.1192124497267903e-30
112,$10^{-7}$ Mpc$^{-3}$,7,SC,1.0,-26.308724832214764,0.0,9.930934710376446e+52,1329376.8442600905,-29.908724832214766,1.2338863726127609e-30
113,$10^{-7}$ Mpc$^{-3}$,7,SC,1.0,-26.543624161073826,0.0,9.930934710376446e+52,1329376.8442600905,-30.143624161073824,7.184157401093766e-31
114,$10^{-7}$ Mpc$^{-3}$,7,SC,1.0,-26.778523489932887,0.0,9.930934710376446e+52,1329376.8442600905,-30.37852348993289,4.182890638009118e-31
115,$10^{-7}$ Mpc$^{-3}$,7,SC,1.0,-27.013422818791945,0.0,9.930934710376446e+52,1329376.8442600905,-30.613422818791946,2.4354385786259104e-31
116,$10^{-7}$ Mpc$^{-3}$,7,SC,1.0,-27.248322147651006,0.0,9.930934710376446e+52,1329376.8442600905,-30.84832214765101,1.4180052943201927e-31
117,$10^{-7}$ Mpc$^{-3}$,7,SC,1.0,-27.483221476510067,0.0,9.930934710376446e+52,1329376.8442600905,-31.08322147651007,8.256168036291025e-32
118,$10^{-7}$ Mpc$^{-3}$,7,SC,1.0,-27.71812080536913,0.0,9.930934710376446e+52,1329376.8442600905,-31.318120805369126,4.8070561454534154e-32
119,$10^{-7}$ Mpc$^{-3}$,7,SC,1.0,-27.95302013422819,0.0,9.930934710376446e+52,1329376.8442600905,-31.55302013422819,2.798851559702743e-32
120,$10^{-7}$ Mpc$^{-3}$,7,SC,1.0,-28.187919463087248,0.0,9.930934710376446e+52,1329376.8442600905,-31.78791946308725,1.629598202355034e-32
121,$10^{-7}$ Mpc$^{-3}$,7,SC,1.0,-28.42281879194631,0.0,9.930934710376446e+52,1329376.8442600905,-32.022818791946314,9.488142705934562e-33
122,$10^{-7}$ Mpc$^{-3}$,7,SC,1.0,-28.65771812080537,0.0,9.930934710376446e+52,1329376.8442600905,-32.25771812080537,5.524358819129781e-33
123,$10^{-7}$ Mpc$^{-3}$,7,SC,1.0,-28.892617449664428,0.0,9.930934710376446e+52,1329376.8442600905,-32.49261744966443,3.216492553743792e-33
124,$10^{-7}$ Mpc$^{-3}$,7,SC,1.0,-29.12751677852349,0.0,9.930934710376446e+52,1329376.8442600905,-32.72751677852349,1.8727647292684317e-33
125,$10^{-7}$ Mpc$^{-3}$,7,SC,1.0,-29.36241610738255,0.0,9.930934710376446e+52,1329376.8442600905,-32.96241610738255,1.0903951035451935e-33
126,$10^{-7}$ Mpc$^{-3}$,7,SC,1.0,-29.59731543624161,0.0,9.930934710376446e+52,1329376.8442600905,-33.19731543624162,6.348696465998607e-34
127,$10^{-7}$ Mpc$^{-3}$,7,SC,1.0,-29.832214765100673,0.0,9.930934710376446e+52,1329376.8442600905,-33.432214765100674,3.696453394401483e-34
128,$10^{-7}$ Mpc$^{-3}$,7,SC,1.0,-30.06711409395973,0.0,9.930934710376446e+52,1329376.8442600905,-33.66711409395973,2.152216249455395e-34
129,$10^{-7}$ Mpc$^{-3}$,7,SC,1.0,-30.302013422818792,0.0,9.930934710376446e+52,1329376.8442600905,-33.90201342281879,1.253102444477012e-34
130,$10^{-7}$ Mpc$^{-3}$,7,SC,1.0,-30.536912751677853,0.0,9.930934710376446e+52,1329376.8442600905,-34.136912751677855,7.296040705721759e-35
131,$10^{-7}$ Mpc$^{-3}$,7,SC,1.0,-30.77181208053691,0.0,9.930934710376446e+52,1329376.8442600905,-34.37181208053691,4.2480333682348233e-35
132,$10^{-7}$ Mpc$^{-3}$,7,SC,1.0,-31.006711409395972,0.0,9.930934710376446e+52,1329376.8442600905,-34.60671140939598,2.473367162478164e-35
133,$10^{-7}$ Mpc$^{-3}$,7,SC,1.0,-31.241610738255034,0.0,9.930934710376446e+52,1329376.8442600905,-34.841610738255035,1.4400887634664208e-35
134,$10^{-7}$ Mpc$^{-3}$,7,SC,1.0,-31.476510067114095,0.0,9.930934710376446e+52,1329376.8442600905,-35.07651006711409,8.384746422299745e-36
135,$10^{-7}$ Mpc$^{-3}$,7,SC,1.0,-31.711409395973156,0.0,9.930934710376446e+52,1329376.8442600905,-35.31140939597316,4.881919389263155e-36
136,$10^{-7}$ Mpc$^{-3}$,7,SC,1.0,-31.946308724832214,0.0,9.930934710376446e+52,1329376.8442600905,-35.546308724832215,2.842439797568385e-36
137,$10^{-7}$ Mpc$^{-3}$,7,SC,1.0,-32.18120805369128,0.0,9.930934710376446e+52,1329376.8442600905,-35.78120805369128,1.654976938080891e-36
138,$10^{-7}$ Mpc$^{-3}$,7,SC,1.0,-32.41610738255034,0.0,9.930934710376446e+52,1329376.8442600905,-36.01610738255034,9.635907391680653e-37
139,$10^{-7}$ Mpc$^{-3}$,7,SC,1.0,-32.651006711409394,0.0,9.930934710376446e+52,1329376.8442600905,-36.251006711409396,5.6103930589338246e-37
140,$10^{-7}$ Mpc$^{-3}$,7,SC,1.0,-32.88590604026846,0.0,9.930934710376446e+52,1329376.8442600905,-36.48590604026846,3.266584971842732e-37
141,$10^{-7}$ Mpc$^{-3}$,7,SC,1.0,-33.12080536912752,0.0,9.930934710376446e+52,1329376.8442600905,-36.72080536912752,1.9019304469724177e-37
142,$10^{-7}$ Mpc$^{-3}$,7,SC,1.0,-33.355704697986575,0.0,9.930934710376446e+52,1329376.8442600905,-36.955704697986576,1.107376497565928e-37
143,$10^{-7}$ Mpc$^{-3}$,7,SC,1.0,-33.59060402684564,0.0,9.930934710376446e+52,1329376.8442600905,-37.19060402684564,6.44756862330805e-38
144,$10^{-7}$ Mpc$^{-3}$,7,SC,1.0,-33.8255033557047,0.0,9.930934710376446e+52,1329376.8442600905,-37.4255033557047,3.7540205380593425e-38
145,$10^{-7}$ Mpc$^{-3}$,7,SC,1.0,-34.060402684563755,0.0,9.930934710376446e+52,1329376.8442600905,-37.660402684563756,2.1857340376690456e-38
146,$10^{-7}$ Mpc$^{-3}$,7,SC,1.0,-34.29530201342282,0.0,9.930934710376446e+52,1329376.8442600905,-37.89530201342282,1.272617780054732e-38
147,$10^{-7}$ Mpc$^{-3}$,7,SC,1.0,-34.53020134228188,0.0,9.930934710376446e+52,1329376.8442600905,-38.13020134228188,7.409666437910351e-39
148,$10^{-7}$ Mpc$^{-3}$,7,SC,1.0,-34.76510067114094,0.0,9.930934710376446e+52,1329376.8442600905,-38.365100671140944,4.314190606289733e-39
149,$10^{-7}$ Mpc$^{-3}$,7,SC,1.0,-35.0,0.0,9.930934710376446e+52,1329376.8442600905,-38.6,2.5118864315095717e-39
0,$10^{-10}$ Mpc$^{-3}$,10,SC,0.1,0.0,0.0,9.930934710376452e+54,0.0,-3.5999999999999996,0.0002511886431509582
1,$10^{-10}$ Mpc$^{-3}$,10,SC,0.1,-0.23489932885905773,0.0,9.930934710376452e+54,0.0,-3.8348993288590574,0.0001462516152068729
2,$10^{-10}$ Mpc$^{-3}$,10,SC,0.1,-0.46979865771812257,0.0,9.930934710376452e+54,0.0,-4.069798657718122,8.51532723864601e-05
3,$10^{-10}$ Mpc$^{-3}$,10,SC,0.1,-0.7046979865771803,0.0,9.930934710376452e+54,0.0,-4.30469798657718,4.9579485244427106e-05
4,$10^{-10}$ Mpc$^{-3}$,10,SC,0.1,-0.9395973154362451,0.0,9.930934710376452e+54,0.0,-4.539597315436245,2.8867068618882372e-05
5,$10^{-10}$ Mpc$^{-3}$,10,SC,0.1,-1.1744966442953029,0.0,9.930934710376452e+54,0.0,-4.7744966442953025,1.6807509124773407e-05
6,$10^{-10}$ Mpc$^{-3}$,10,SC,0.1,-1.4093959731543606,0.0,9.930934710376452e+54,0.0,-5.00939597315436,9.785973307818268e-06
7,$10^{-10}$ Mpc$^{-3}$,10,SC,0.1,-1.6442953020134254,0.0,9.930934710376452e+54,0.0,-5.244295302013425,5.697767162903216e-06
8,$10^{-10}$ Mpc$^{-3}$,10,SC,0.1,-1.8791946308724832,0.0,9.930934710376452e+54,0.0,-5.479194630872483,3.3174575099976933e-06
9,$10^{-10}$ Mpc$^{-3}$,10,SC,0.1,-2.114093959731548,0.0,9.930934710376452e+54,0.0,-5.714093959731548,1.9315503803479767e-06
10,$10^{-10}$ Mpc$^{-3}$,10,SC,0.1,-2.3489932885906057,0.0,9.930934710376452e+54,0.0,-5.948993288590605,1.1246223532867697e-06
11,$10^{-10}$ Mpc$^{-3}$,10,SC,0.1,-2.5838926174496635,0.0,9.930934710376452e+54,0.0,-6.183892617449663,6.547980577573222e-07
12,$10^{-10}$ Mpc$^{-3}$,10,SC,0.1,-2.8187919463087283,0.0,9.930934710376452e+54,0.0,-6.418791946308728,3.812484210274486e-07
13,$10^{-10}$ Mpc$^{-3}$,10,SC,0.1,-3.053691275167786,0.0,9.930934710376452e+54,0.0,-6.653691275167786,2.219773819026722e-07
14,$10^{-10}$ Mpc$^{-3}$,10,SC,0.1,-3.2885906040268473,0.0,9.930934710376452e+54,0.0,-6.888590604026847,1.2924370399639455e-07
15,$10^{-10}$ Mpc$^{-3}$,10,SC,0.1,-3.5234899328859086,0.0,9.930934710376452e+54,0.0,-7.123489932885908,7.525061733556093e-08
16,$10^{-10}$ Mpc$^{-3}$,10,SC,0.1,-3.7583892617449663,0.0,9.930934710376452e+54,0.0,-7.358389261744966,4.3813781517287975e-08
17,$10^{-10}$ Mpc$^{-3}$,10,SC,0.1,-3.9932885906040276,2.445123546051536e-07,9.930934710376452e+54,2.445123546051536e-07,-7.593288590604027,2.551005584823911e-08
18,$10^{-10}$ Mpc$^{-3}$,10,SC,0.1,-4.228187919463089,6.803885446123731e-07,9.930934710376452e+54,9.249008992175268e-07,-7.828187919463089,1.4852928161964324e-08
19,$10^{-10}$ Mpc$^{-3}$,10,SC,0.1,-4.463087248322147,0.0,9.930934710376452e+54,9.249008992175268e-07,-8.063087248322146,8.647941670410052e-09
20,$10^{-10}$ Mpc$^{-3}$,10,SC,0.1,-4.697986577181208,0.0,9.930934710376452e+54,9.249008992175268e-07,-8.297986577181208,5.035161708135759e-09
21,$10^{-10}$ Mpc$^{-3}$,10,SC,0.1,-4.932885906040269,0.0,9.930934710376452e+54,9.249008992175268e-07,-8.532885906040269,2.9316633244445185e-09
22,$10^{-10}$ Mpc$^{-3}$,10,SC,0.1,-5.1677852348993305,1.3629973987283596e-06,9.930934710376452e+54,2.2878982979458866e-06,-8.76778523489933,1.7069262808393908e-09
23,$10^{-10}$ Mpc$^{-3}$,10,SC,0.1,-5.402684563758392,0.0,9.930934710376452e+54,2.2878982979458866e-06,-9.002684563758391,9.938376292824325e-10
24,$10^{-10}$ Mpc$^{-3}$,10,SC,0.1,-5.6375838926174495,2.2121116347115e-06,9.930934710376452e+54,4.500009932657387e-06,-9.23758389261745,5.786501997567348e-10
25,$10^{-10}$ Mpc$^{-3}$,10,SC,0.1,-5.872483221476511,3.310217693453601e-06,9.930934710376452e+54,7.810227626110989e-06,-9.47248322147651,3.369122317498318e-10
26,$10^{-10}$ Mpc$^{-3}$,10,SC,0.1,-6.107382550335572,1.080788605472526e-05,9.930934710376452e+54,1.8618113680836246e-05,-9.707382550335572,1.961631603175321e-10
27,$10^{-10}$ Mpc$^{-3}$,10,SC,0.1,-6.34228187919463,7.947053042426734e-06,9.930934710376452e+54,2.656516672326298e-05,-9.94228187919463,1.142136789332563e-10
28,$10^{-10}$ Mpc$^{-3}$,10,SC,0.1,-6.577181208053691,2.2112234807582823e-05,9.930934710376452e+54,4.86774015308458e-05,-10.17718120805369,6.649956308999661e-11
29,$10^{-10}$ Mpc$^{-3}$,10,SC,0.1,-6.812080536912752,5.214314401062888e-05,9.930934710376452e+54,0.00010082054554147468,-10.412080536912752,3.871858373237991e-11
30,$10^{-10}$ Mpc$^{-3}$,10,SC,0.1,-7.046979865771814,0.0001146642098309988,9.930934710376452e+54,0.00021548475537247347,-10.646979865771813,2.2543437228489477e-11
31,$10^{-10}$ Mpc$^{-3}$,10,SC,0.1,-7.281879194630875,0.00023705899640124385,9.930934710376452e+54,0.0004525437517737173,-10.881879194630875,1.3125649574052936e-11
32,$10^{-10}$ Mpc$^{-3}$,10,SC,0.1,-7.516778523489933,0.0004616026874822109,9.930934710376452e+54,0.0009141464392559282,-11.116778523489932,7.642254151159948e-12
33,$10^{-10}$ Mpc$^{-3}$,10,SC,0.1,-7.751677852348994,0.0010035793768154138,9.930934710376452e+54,0.001917725816071342,-11.351677852348994,4.449612050162862e-12
34,$10^{-10}$ Mpc$^{-3}$,10,SC,0.1,-7.986577181208055,0.0023262674445983615,9.930934710376452e+54,0.004243993260669703,-11.586577181208055,2.5907339647883124e-12
35,$10^{-10}$ Mpc$^{-3}$,10,SC,0.1,-8.221476510067113,0.004603644797258,9.930934710376452e+54,0.008847638057927702,-11.821476510067113,1.5084241953323003e-12
36,$10^{-10}$ Mpc$^{-3}$,10,SC,0.1,-8.456375838926174,0.010022550328457542,9.930934710376452e+54,0.018870188386385246,-12.056375838926174,8.782621388336169e-13
37,$10^{-10}$ Mpc$^{-3}$,10,SC,0.1,-8.691275167785236,0.020644864462584993,9.930934710376452e+54,0.039515052848970236,-12.291275167785235,5.113577380258574e-13
38,$10^{-10}$ Mpc$^{-3}$,10,SC,0.1,-8.926174496644297,0.044389479559719475,9.930934710376452e+54,0.08390453240868971,-12.526174496644296,2.977319921660189e-13
39,$10^{-10}$ Mpc$^{-3}$,10,SC,0.1,-9.161073825503358,0.08714489302171777,9.930934710376452e+54,0.17104942543040746,-12.761073825503358,1.733509294322323e-13
40,$10^{-10}$ Mpc$^{-3}$,10,SC,0.1,-9.395973154362416,0.1847248532655311,9.930934710376452e+54,0.3557742786959386,-12.995973154362416,1.0093152743311001e-13
41,$10^{-10}$ Mpc$^{-3}$,10,SC,0.1,-9.630872483221477,0.35492243760480524,9.930934710376452e+54,0.7106967163007438,-13.230872483221477,5.87661875442266e-14
42,$10^{-10}$ Mpc$^{-3}$,10,SC,0.1,-9.865771812080538,0.7085101795001356,9.930934710376452e+54,1.4192068958008794,-13.465771812080538,3.421591732842759e-14
43,$10^{-10}$ Mpc$^{-3}$,10,SC,0.1,-10.100671140939596,1.3540654425432581,9.930934710376452e+54,2.7732723383441376,-13.700671140939596,1.9921812993989565e-14
44,$10^{-10}$ Mpc$^{-3}$,10,SC,0.1,-10.335570469798657,2.587191160086417,9.930934710376452e+54,5.360463498430555,-13.935570469798657,1.1599239884699797e-14
45,$10^{-10}$ Mpc$^{-3}$,10,SC,0.1,-10.570469798657719,4.727581115973383,9.930934710376452e+54,10.088044614403938,-14.170469798657718,6.7535201712515895e-15
46,$10^{-10}$ Mpc$^{-3}$,10,SC,0.1,-10.80536912751678,8.508943725598613,9.930934710376452e+54,18.59698834000255,-14.40536912751678,3.9321572065825545e-15
47,$10^{-10}$ Mpc$^{-3}$,10,SC,0.1,-11.040268456375841,15.12106678903046,9.930934710376452e+54,33.71805512903301,-14.640268456375841,2.2894520050591127e-15
48,$10^{-10}$ Mpc$^{-3}$,10,SC,0.1,-11.275167785234899,25.856060843711802,9.930934710376452e+54,59.57411597274481,-14.875167785234899,1.3330063392925006e-15
49,$10^{-10}$ Mpc$^{-3}$,10,SC,0.1,-11.51006711409396,42.352102629628234,9.930934710376452e+54,101.92621860237304,-15.11006711409396,7.761271678408036e-16
50,$10^{-10}$ Mpc$^{-3}$,10,SC,0.1,-11.744966442953022,66.85372292381953,9.930934710376452e+54,168.77994152619257,-15.344966442953021,4.518908597091139e-16
51,$10^{-10}$ Mpc$^{-3}$,10,SC,0.1,-11.97986577181208,97.36793285769542,9.930934710376452e+54,266.147874383888,-15.579865771812079,2.631081059264371e-16
52,$10^{-10}$ Mpc$^{-3}$,10,SC,0.1,-12.21476510067114,130.09060147424233,9.930934710376452e+54,396.2384758581303,-15.81476510067114,1.5319158136714243e-16
53,$10^{-10}$ Mpc$^{-3}$,10,SC,0.1,-12.449664429530202,154.80909553335283,9.930934710376452e+54,551.0475713914832,-16.049664429530203,8.91939855639685e-17
54,$10^{-10}$ Mpc$^{-3}$,10,SC,0.1,-12.684563758389263,162.65877912725455,9.930934710376452e+54,713.7063505187377,-16.28456375838926,5.1932142679035517e-17
55,$10^{-10}$ Mpc$^{-3}$,10,SC,0.1,-12.919463087248324,153.1258369390573,9.930934710376452e+54,866.832187457795,-16.519463087248326,3.0236875571632014e-17
56,$10^{-10}$ Mpc$^{-3}$,10,SC,0.1,-13.154362416107382,130.7717325048009,9.930934710376452e+54,997.6039199625959,-16.754362416107384,1.760506301434493e-17
57,$10^{-10}$ Mpc$^{-3}$,10,SC,0.1,-13.389261744966444,104.36374502374065,9.930934710376452e+54,1101.9676649863366,-16.98926174496644,1.0250339622716748e-17
58,$10^{-10}$ Mpc$^{-3}$,10,SC,0.1,-13.624161073825505,79.25392519721308,9.930934710376452e+54,1181.2215901835496,-17.224161073825506,5.968138954993951e-18
59,$10^{-10}$ Mpc$^{-3}$,10,SC,0.1,-13.859060402684563,57.79147009826656,9.930934710376452e+54,1239.0130602818163,-17.459060402684564,3.474878286684173e-18
60,$10^{-10}$ Mpc$^{-3}$,10,SC,0.1,-14.093959731543624,40.95639660630762,9.930934710376452e+54,1279.969456888124,-17.69395973154362,2.0232067648433924e-18
61,$10^{-10}$ Mpc$^{-3}$,10,SC,0.1,-14.328859060402685,28.341021192143494,9.930934710376452e+54,1308.3104780802673,-17.928859060402687,1.1779881986065197e-18
62,$10^{-10}$ Mpc$^{-3}$,10,SC,0.1,-14.563758389261746,19.204203646868493,9.930934710376452e+54,1327.514681727136,-18.163758389261744,6.858696897267782e-19
63,$10^{-10}$ Mpc$^{-3}$,10,SC,0.1,-14.798657718120808,1.862162532954432,9.930934710376452e+54,1329.3768442600901,-18.39865771812081,3.993395110769115e-19
64,$10^{-10}$ Mpc$^{-3}$,10,SC,0.1,-15.033557046979865,0.0,9.930934710376452e+54,1329.3768442600901,-18.633557046979867,2.3251070501552024e-19
65,$10^{-10}$ Mpc$^{-3}$,10,SC,0.1,-15.268456375838927,0.0,9.930934710376452e+54,1329.3768442600901,-18.868456375838925,1.353766067400284e-19
66,$10^{-10}$ Mpc$^{-3}$,10,SC,0.1,-15.503355704697988,0.0,9.930934710376452e+54,1329.3768442600901,-19.10335570469799,7.882142738856123e-20
67,$10^{-10}$ Mpc$^{-3}$,10,SC,0.1,-15.738255033557046,0.0,9.930934710376452e+54,1329.3768442600901,-19.338255033557047,4.5892843417926456e-20
68,$10^{-10}$ Mpc$^{-3}$,10,SC,0.1,-15.973154362416107,0.0,9.930934710376452e+54,1329.3768442600901,-19.573154362416105,2.6720565038739278e-20
69,$10^{-10}$ Mpc$^{-3}$,10,SC,0.1,-16.20805369127517,0.0,9.930934710376452e+54,1329.3768442600901,-19.80805369127517,1.5557732814406287e-20
70,$10^{-10}$ Mpc$^{-3}$,10,SC,0.1,-16.44295302013423,0.0,9.930934710376452e+54,1329.3768442600901,-20.042953020134227,9.058305839474052e-21
71,$10^{-10}$ Mpc$^{-3}$,10,SC,0.1,-16.67785234899329,0.0,9.930934710376452e+54,1329.3768442600901,-20.277852348993292,5.27409138981152e-21
72,$10^{-10}$ Mpc$^{-3}$,10,SC,0.1,-16.91275167785235,0.0,9.930934710376452e+54,1329.3768442600901,-20.51275167785235,3.0707773043904576e-21
73,$10^{-10}$ Mpc$^{-3}$,10,SC,0.1,-17.14765100671141,0.0,9.930934710376452e+54,1329.3768442600901,-20.747651006711408,1.7879237495534773e-21
74,$10^{-10}$ Mpc$^{-3}$,10,SC,0.1,-17.38255033557047,0.0,9.930934710376452e+54,1329.3768442600901,-20.982550335570473,1.0409974470134513e-21
75,$10^{-10}$ Mpc$^{-3}$,10,SC,0.1,-17.61744966442953,0.0,9.930934710376452e+54,1329.3768442600901,-21.21744966442953,6.061084455974043e-22
76,$10^{-10}$ Mpc$^{-3}$,10,SC,0.1,-17.85234899328859,0.0,9.930934710376452e+54,1329.3768442600901,-21.452348993288588,3.528994704823273e-22
77,$10^{-10}$ Mpc$^{-3}$,10,SC,0.1,-18.08724832214765,0.0,9.930934710376452e+54,1329.3768442600901,-21.687248322147653,2.054715408955495e-22
78,$10^{-10}$ Mpc$^{-3}$,10,SC,0.1,-18.322147651006713,0.0,9.930934710376452e+54,1329.3768442600901,-21.92214765100671,1.196333733804976e-22
79,$10^{-10}$ Mpc$^{-3}$,10,SC,0.1,-18.557046979865774,0.0,9.930934710376452e+54,1329.3768442600901,-22.157046979865775,6.965511605168148e-23
80,$10^{-10}$ Mpc$^{-3}$,10,SC,0.1,-18.79194630872483,0.0,9.930934710376452e+54,1329.3768442600901,-22.391946308724833,4.0555867105259037e-23
81,$10^{-10}$ Mpc$^{-3}$,10,SC,0.1,-19.026845637583893,0.0,9.930934710376452e+54,1329.3768442600901,-22.62684563758389,2.3613173732121388e-23
82,$10^{-10}$ Mpc$^{-3}$,10,SC,0.1,-19.261744966442954,0.0,9.930934710376452e+54,1329.3768442600901,-22.861744966442956,1.3748490995302492e-23
83,$10^{-10}$ Mpc$^{-3}$,10,SC,0.1,-19.496644295302012,0.0,9.930934710376452e+54,1329.3768442600901,-23.096644295302013,8.0048961987176e-24
84,$10^{-10}$ Mpc$^{-3}$,10,SC,0.1,-19.731543624161073,0.0,9.930934710376452e+54,1329.3768442600901,-23.33154362416107,4.6607560912784846e-24
85,$10^{-10}$ Mpc$^{-3}$,10,SC,0.1,-19.966442953020135,0.0,9.930934710376452e+54,1329.3768442600901,-23.566442953020136,2.7136700843003005e-24
86,$10^{-10}$ Mpc$^{-3}$,10,SC,0.1,-20.201342281879196,0.0,9.930934710376452e+54,1329.3768442600901,-23.801342281879194,1.5800022962382722e-24
87,$10^{-10}$ Mpc$^{-3}$,10,SC,0.1,-20.436241610738257,0.0,9.930934710376452e+54,1329.3768442600901,-24.03624161073826,9.19937641115962e-25
88,$10^{-10}$ Mpc$^{-3}$,10,SC,0.1,-20.671140939597315,0.0,9.930934710376452e+54,1329.3768442600901,-24.271140939597316,5.356228060914098e-25
89,$10^{-10}$ Mpc$^{-3}$,10,SC,0.1,-20.906040268456376,0.0,9.930934710376452e+54,1329.3768442600901,-24.506040268456374,3.1186004092322174e-25
90,$10^{-10}$ Mpc$^{-3}$,10,SC,0.1,-21.140939597315437,0.0,9.930934710376452e+54,1329.3768442600901,-24.74093959731544,1.815768186465795e-25
91,$10^{-10}$ Mpc$^{-3}$,10,SC,0.1,-21.375838926174495,0.0,9.930934710376452e+54,1329.3768442600901,-24.975838926174497,1.0572095409277022e-25
92,$10^{-10}$ Mpc$^{-3}$,10,SC,0.1,-21.610738255033556,0.0,9.930934710376452e+54,1329.3768442600901,-25.210738255033554,6.155477454443315e-26
93,$10^{-10}$ Mpc$^{-3}$,10,SC,0.1,-21.845637583892618,0.0,9.930934710376452e+54,1329.3768442600901,-25.44563758389262,3.583953911247426e-26
94,$10^{-10}$ Mpc$^{-3}$,10,SC,0.1,-22.08053691275168,0.0,9.930934710376452e+54,1329.3768442600901,-25.680536912751684,2.0867147565740477e-26
95,$10^{-10}$ Mpc$^{-3}$,10,SC,0.1,-22.31543624161074,0.0,9.930934710376452e+54,1329.3768442600901,-25.91543624161074,1.2149649753136417e-26
96,$10^{-10}$ Mpc$^{-3}$,10,SC,0.1,-22.550335570469798,0.0,9.930934710376452e+54,1329.3768442600901,-26.1503355704698,7.07398980425285e-27
97,$10^{-10}$ Mpc$^{-3}$,10,SC,0.1,-22.78523489932886,0.0,9.930934710376452e+54,1329.3768442600901,-26.385234899328857,4.118746858340929e-27
98,$10^{-10}$ Mpc$^{-3}$,10,SC,0.1,-23.02013422818792,0.0,9.930934710376452e+54,1329.3768442600901,-26.620134228187922,2.3980916219152983e-27
99,$10^{-10}$ Mpc$^{-3}$,10,SC,0.1,-23.25503355704698,0.0,9.930934710376452e+54,1329.3768442600901,-26.85503355704698,1.3962604706949469e-27
100,$10^{-10}$ Mpc$^{-3}$,10,SC,0.1,-23.48993288590604,0.0,9.930934710376452e+54,1329.3768442600901,-27.089932885906045,8.12956137375681e-28
101,$10^{-10}$ Mpc$^{-3}$,10,SC,0.1,-23.7248322147651,0.0,9.930934710376452e+54,1329.3768442600901,-27.324832214765102,4.733340914305594e-28
102,$10^{-10}$ Mpc$^{-3}$,10,SC,0.1,-23.959731543624162,0.0,9.930934710376452e+54,1329.3768442600901,-27.55973154362416,2.755931738625377e-28
103,$10^{-10}$ Mpc$^{-3}$,10,SC,0.1,-24.194630872483224,0.0,9.930934710376452e+54,1329.3768442600901,-27.794630872483225,1.604608644394848e-28
104,$10^{-10}$ Mpc$^{-3}$,10,SC,0.1,-24.42953020134228,0.0,9.930934710376452e+54,1329.3768442600901,-28.029530201342283,9.34264396167873e-29
105,$10^{-10}$ Mpc$^{-3}$,10,SC,0.1,-24.664429530201343,0.0,9.930934710376452e+54,1329.3768442600901,-28.264429530201348,5.439643896945894e-29
106,$10^{-10}$ Mpc$^{-3}$,10,SC,0.1,-24.899328859060404,0.0,9.930934710376452e+54,1329.3768442600901,-28.499328859060405,3.1671682927178977e-29
107,$10^{-10}$ Mpc$^{-3}$,10,SC,0.1,-25.13422818791946,0.0,9.930934710376452e+54,1329.3768442600901,-28.734228187919463,1.8440462619307703e-29
108,$10^{-10}$ Mpc$^{-3}$,10,SC,0.1,-25.369127516778523,0.0,9.930934710376452e+54,1329.3768442600901,-28.96912751677852,1.0736741157580577e-29
109,$10^{-10}$ Mpc$^{-3}$,10,SC,0.1,-25.604026845637584,0.0,9.930934710376452e+54,1329.3768442600901,-29.204026845637586,6.251340493170915e-30
110,$10^{-10}$ Mpc$^{-3}$,10,SC,0.1,-25.838926174496645,0.0,9.930934710376452e+54,1329.3768442600901,-29.43892617449665,3.639769031217338e-30
111,$10^{-10}$ Mpc$^{-3}$,10,SC,0.1,-26.073825503355707,0.0,9.930934710376452e+54,1329.3768442600901,-29.673825503355708,2.1192124497267903e-30
112,$10^{-10}$ Mpc$^{-3}$,10,SC,0.1,-26.308724832214764,0.0,9.930934710376452e+54,1329.3768442600901,-29.908724832214766,1.2338863726127609e-30
113,$10^{-10}$ Mpc$^{-3}$,10,SC,0.1,-26.543624161073826,0.0,9.930934710376452e+54,1329.3768442600901,-30.143624161073824,7.184157401093766e-31
114,$10^{-10}$ Mpc$^{-3}$,10,SC,0.1,-26.778523489932887,0.0,9.930934710376452e+54,1329.3768442600901,-30.37852348993289,4.182890638009118e-31
115,$10^{-10}$ Mpc$^{-3}$,10,SC,0.1,-27.013422818791945,0.0,9.930934710376452e+54,1329.3768442600901,-30.613422818791946,2.4354385786259104e-31
116,$10^{-10}$ Mpc$^{-3}$,10,SC,0.1,-27.248322147651006,0.0,9.930934710376452e+54,1329.3768442600901,-30.84832214765101,1.4180052943201927e-31
117,$10^{-10}$ Mpc$^{-3}$,10,SC,0.1,-27.483221476510067,0.0,9.930934710376452e+54,1329.3768442600901,-31.08322147651007,8.256168036291025e-32
118,$10^{-10}$ Mpc$^{-3}$,10,SC,0.1,-27.71812080536913,0.0,9.930934710376452e+54,1329.3768442600901,-31.318120805369126,4.8070561454534154e-32
119,$10^{-10}$ Mpc$^{-3}$,10,SC,0.1,-27.95302013422819,0.0,9.930934710376452e+54,1329.3768442600901,-31.55302013422819,2.798851559702743e-32
120,$10^{-10}$ Mpc$^{-3}$,10,SC,0.1,-28.187919463087248,0.0,9.930934710376452e+54,1329.3768442600901,-31.78791946308725,1.629598202355034e-32
121,$10^{-10}$ Mpc$^{-3}$,10,SC,0.1,-28.42281879194631,0.0,9.930934710376452e+54,1329.3768442600901,-32.022818791946314,9.488142705934562e-33
122,$10^{-10}$ Mpc$^{-3}$,10,SC,0.1,-28.65771812080537,0.0,9.930934710376452e+54,1329.3768442600901,-32.25771812080537,5.524358819129781e-33
123,$10^{-10}$ Mpc$^{-3}$,10,SC,0.1,-28.892617449664428,0.0,9.930934710376452e+54,1329.3768442600901,-32.49261744966443,3.216492553743792e-33
124,$10^{-10}$ Mpc$^{-3}$,10,SC,0.1,-29.12751677852349,0.0,9.930934710376452e+54,1329.3768442600901,-32.72751677852349,1.8727647292684317e-33
125,$10^{-10}$ Mpc$^{-3}$,10,SC,0.1,-29.36241610738255,0.0,9.930934710376452e+54,1329.3768442600901,-32.96241610738255,1.0903951035451935e-33
126,$10^{-10}$ Mpc$^{-3}$,10,SC,0.1,-29.59731543624161,0.0,9.930934710376452e+54,1329.3768442600901,-33.19731543624162,6.348696465998607e-34
127,$10^{-10}$ Mpc$^{-3}$,10,SC,0.1,-29.832214765100673,0.0,9.930934710376452e+54,1329.3768442600901,-33.432214765100674,3.696453394401483e-34
128,$10^{-10}$ Mpc$^{-3}$,10,SC,0.1,-30.06711409395973,0.0,9.930934710376452e+54,1329.3768442600901,-33.66711409395973,2.152216249455395e-34
129,$10^{-10}$ Mpc$^{-3}$,10,SC,0.1,-30.302013422818792,0.0,9.930934710376452e+54,1329.3768442600901,-33.90201342281879,1.253102444477012e-34
130,$10^{-10}$ Mpc$^{-3}$,10,SC,0.1,-30.536912751677853,0.0,9.930934710376452e+54,1329.3768442600901,-34.136912751677855,7.296040705721759e-35
131,$10^{-10}$ Mpc$^{-3}$,10,SC,0.1,-30.77181208053691,0.0,9.930934710376452e+54,1329.3768442600901,-34.37181208053691,4.2480333682348233e-35
132,$10^{-10}$ Mpc$^{-3}$,10,SC,0.1,-31.006711409395972,0.0,9.930934710376452e+54,1329.3768442600901,-34.60671140939598,2.473367162478164e-35
133,$10^{-10}$ Mpc$^{-3}$,10,SC,0.1,-31.241610738255034,0.0,9.930934710376452e+54,1329.3768442600901,-34.841610738255035,1.4400887634664208e-35
134,$10^{-10}$ Mpc$^{-3}$,10,SC,0.1,-31.476510067114095,0.0,9.930934710376452e+54,1329.3768442600901,-35.07651006711409,8.384746422299745e-36
135,$10^{-10}$ Mpc$^{-3}$,10,SC,0.1,-31.711409395973156,0.0,9.930934710376452e+54,1329.3768442600901,-35.31140939597316,4.881919389263155e-36
136,$10^{-10}$ Mpc$^{-3}$,10,SC,0.1,-31.946308724832214,0.0,9.930934710376452e+54,1329.3768442600901,-35.546308724832215,2.842439797568385e-36
137,$10^{-10}$ Mpc$^{-3}$,10,SC,0.1,-32.18120805369128,0.0,9.930934710376452e+54,1329.3768442600901,-35.78120805369128,1.654976938080891e-36
138,$10^{-10}$ Mpc$^{-3}$,10,SC,0.1,-32.41610738255034,0.0,9.930934710376452e+54,1329.3768442600901,-36.01610738255034,9.635907391680653e-37
139,$10^{-10}$ Mpc$^{-3}$,10,SC,0.1,-32.651006711409394,0.0,9.930934710376452e+54,1329.3768442600901,-36.251006711409396,5.6103930589338246e-37
140,$10^{-10}$ Mpc$^{-3}$,10,SC,0.1,-32.88590604026846,0.0,9.930934710376452e+54,1329.3768442600901,-36.48590604026846,3.266584971842732e-37
141,$10^{-10}$ Mpc$^{-3}$,10,SC,0.1,-33.12080536912752,0.0,9.930934710376452e+54,1329.3768442600901,-36.72080536912752,1.9019304469724177e-37
142,$10^{-10}$ Mpc$^{-3}$,10,SC,0.1,-33.355704697986575,0.0,9.930934710376452e+54,1329.3768442600901,-36.955704697986576,1.107376497565928e-37
143,$10^{-10}$ Mpc$^{-3}$,10,SC,0.1,-33.59060402684564,0.0,9.930934710376452e+54,1329.3768442600901,-37.19060402684564,6.44756862330805e-38
144,$10^{-10}$ Mpc$^{-3}$,10,SC,0.1,-33.8255033557047,0.0,9.930934710376452e+54,1329.3768442600901,-37.4255033557047,3.7540205380593425e-38
145,$10^{-10}$ Mpc$^{-3}$,10,SC,0.1,-34.060402684563755,0.0,9.930934710376452e+54,1329.3768442600901,-37.660402684563756,2.1857340376690456e-38
146,$10^{-10}$ Mpc$^{-3}$,10,SC,0.1,-34.29530201342282,0.0,9.930934710376452e+54,1329.3768442600901,-37.89530201342282,1.272617780054732e-38
147,$10^{-10}$ Mpc$^{-3}$,10,SC,0.1,-34.53020134228188,0.0,9.930934710376452e+54,1329.3768442600901,-38.13020134228188,7.409666437910351e-39
148,$10^{-10}$ Mpc$^{-3}$,10,SC,0.1,-34.76510067114094,0.0,9.930934710376452e+54,1329.3768442600901,-38.365100671140944,4.314190606289733e-39
149,$10^{-10}$ Mpc$^{-3}$,10,SC,0.1,-35.0,0.0,9.930934710376452e+54,1329.3768442600901,-38.6,2.5118864315095717e-39
0,$10^{-11}$ Mpc$^{-3}$,11,SC,0.1,0.0,0.0,9.93093471037645e+55,0.0,-3.5999999999999996,0.0002511886431509582
1,$10^{-11}$ Mpc$^{-3}$,11,SC,0.1,-0.23489932885905773,0.0,9.93093471037645e+55,0.0,-3.8348993288590574,0.0001462516152068729
2,$10^{-11}$ Mpc$^{-3}$,11,SC,0.1,-0.46979865771812257,0.0,9.93093471037645e+55,0.0,-4.069798657718122,8.51532723864601e-05
3,$10^{-11}$ Mpc$^{-3}$,11,SC,0.1,-0.7046979865771803,0.0,9.93093471037645e+55,0.0,-4.30469798657718,4.9579485244427106e-05
4,$10^{-11}$ Mpc$^{-3}$,11,SC,0.1,-0.9395973154362451,0.0,9.93093471037645e+55,0.0,-4.539597315436245,2.8867068618882372e-05
5,$10^{-11}$ Mpc$^{-3}$,11,SC,0.1,-1.1744966442953029,0.0,9.93093471037645e+55,0.0,-4.7744966442953025,1.6807509124773407e-05
6,$10^{-11}$ Mpc$^{-3}$,11,SC,0.1,-1.4093959731543606,0.0,9.93093471037645e+55,0.0,-5.00939597315436,9.785973307818268e-06
7,$10^{-11}$ Mpc$^{-3}$,11,SC,0.1,-1.6442953020134254,0.0,9.93093471037645e+55,0.0,-5.244295302013425,5.697767162903216e-06
8,$10^{-11}$ Mpc$^{-3}$,11,SC,0.1,-1.8791946308724832,0.0,9.93093471037645e+55,0.0,-5.479194630872483,3.3174575099976933e-06
9,$10^{-11}$ Mpc$^{-3}$,11,SC,0.1,-2.114093959731548,0.0,9.93093471037645e+55,0.0,-5.714093959731548,1.9315503803479767e-06
10,$10^{-11}$ Mpc$^{-3}$,11,SC,0.1,-2.3489932885906057,0.0,9.93093471037645e+55,0.0,-5.948993288590605,1.1246223532867697e-06
11,$10^{-11}$ Mpc$^{-3}$,11,SC,0.1,-2.5838926174496635,0.0,9.93093471037645e+55,0.0,-6.183892617449663,6.547980577573222e-07
12,$10^{-11}$ Mpc$^{-3}$,11,SC,0.1,-2.8187919463087283,0.0,9.93093471037645e+55,0.0,-6.418791946308728,3.812484210274486e-07
13,$10^{-11}$ Mpc$^{-3}$,11,SC,0.1,-3.053691275167786,2.4451235460515363e-08,9.93093471037645e+55,2.4451235460515363e-08,-6.653691275167786,2.219773819026722e-07
14,$10^{-11}$ Mpc$^{-3}$,11,SC,0.1,-3.2885906040268473,6.803885446123732e-08,9.93093471037645e+55,9.249008992175268e-08,-6.888590604026847,1.2924370399639455e-07
15,$10^{-11}$ Mpc$^{-3}$,11,SC,0.1,-3.5234899328859086,0.0,9.93093471037645e+55,9.249008992175268e-08,-7.123489932885908,7.525061733556093e-08
16,$10^{-11}$ Mpc$^{-3}$,11,SC,0.1,-3.7583892617449663,0.0,9.93093471037645e+55,9.249008992175268e-08,-7.358389261744966,4.3813781517287975e-08
17,$10^{-11}$ Mpc$^{-3}$,11,SC,0.1,-3.9932885906040276,2.711907713353821e-09,9.93093471037645e+55,9.52019976351065e-08,-7.593288590604027,2.551005584823911e-08
18,$10^{-11}$ Mpc$^{-3}$,11,SC,0.1,-4.228187919463089,1.3358783215948216e-07,9.93093471037645e+55,2.2878982979458868e-07,-7.828187919463089,1.4852928161964324e-08
19,$10^{-11}$ Mpc$^{-3}$,11,SC,0.1,-4.463087248322147,2.2121116347115002e-07,9.93093471037645e+55,4.5000099326573873e-07,-8.063087248322146,8.647941670410052e-09
20,$10^{-11}$ Mpc$^{-3}$,11,SC,0.1,-4.697986577181208,0.0,9.93093471037645e+55,4.5000099326573873e-07,-8.297986577181208,5.035161708135759e-09
21,$10^{-11}$ Mpc$^{-3}$,11,SC,0.1,-4.932885906040269,3.3102176934536013e-07,9.93093471037645e+55,7.810227626110988e-07,-8.532885906040269,2.9316633244445185e-09
22,$10^{-11}$ Mpc$^{-3}$,11,SC,0.1,-5.1677852348993305,1.080788605472526e-06,9.93093471037645e+55,1.8618113680836249e-06,-8.76778523489933,1.7069262808393908e-09
23,$10^{-11}$ Mpc$^{-3}$,11,SC,0.1,-5.402684563758392,7.947053042426735e-07,9.93093471037645e+55,2.656516672326298e-06,-9.002684563758391,9.938376292824325e-10
24,$10^{-11}$ Mpc$^{-3}$,11,SC,0.1,-5.6375838926174495,3.6733555439754385e-06,9.93093471037645e+55,6.329872216301737e-06,-9.23758389261745,5.786501997567348e-10
25,$10^{-11}$ Mpc$^{-3}$,11,SC,0.1,-5.872483221476511,6.088520420034032e-06,9.93093471037645e+55,1.241839263633577e-05,-9.47248322147651,3.369122317498318e-10
26,$10^{-11}$ Mpc$^{-3}$,11,SC,0.1,-6.107382550335572,9.130082900911581e-06,9.93093471037645e+55,2.154847553724735e-05,-9.707382550335572,1.961631603175321e-10
27,$10^{-11}$ Mpc$^{-3}$,11,SC,0.1,-6.34228187919463,2.3705899640124384e-05,9.93093471037645e+55,4.525437517737174e-05,-9.94228187919463,1.142136789332563e-10
28,$10^{-11}$ Mpc$^{-3}$,11,SC,0.1,-6.577181208053691,5.607508449233107e-05,9.93093471037645e+55,0.0001013294596697028,-10.17718120805369,6.649956308999661e-11
29,$10^{-11}$ Mpc$^{-3}$,11,SC,0.1,-6.812080536912752,0.00010667427811277341,9.93093471037645e+55,0.00020800373778247623,-10.412080536912752,3.871858373237991e-11
30,$10^{-11}$ Mpc$^{-3}$,11,SC,0.1,-7.046979865771814,0.00024402575399051982,9.93093471037645e+55,0.00045202949177299603,-10.646979865771813,2.2543437228489477e-11
31,$10^{-11}$ Mpc$^{-3}$,11,SC,0.1,-7.281879194630875,0.0005249610254103817,9.93093471037645e+55,0.0009769905171833778,-10.881879194630875,1.3125649574052936e-11
32,$10^{-11}$ Mpc$^{-3}$,11,SC,0.1,-7.516778523489933,0.0010636420068456667,9.93093471037645e+55,0.0020406325240290447,-11.116778523489932,7.642254151159948e-12
33,$10^{-11}$ Mpc$^{-3}$,11,SC,0.1,-7.751677852348994,0.0021645988907037115,9.93093471037645e+55,0.004205231414732756,-11.351677852348994,4.449612050162862e-12
34,$10^{-11}$ Mpc$^{-3}$,11,SC,0.1,-7.986577181208055,0.004609942130039261,9.93093471037645e+55,0.008815173544772018,-11.586577181208055,2.5907339647883124e-12
35,$10^{-11}$ Mpc$^{-3}$,11,SC,0.1,-8.221476510067113,0.009696770798142724,9.93093471037645e+55,0.01851194434291474,-11.821476510067113,1.5084241953323003e-12
36,$10^{-11}$ Mpc$^{-3}$,11,SC,0.1,-8.456375838926174,0.019397227592260542,9.93093471037645e+55,0.03790917193517528,-12.056375838926174,8.782621388336169e-13
37,$10^{-11}$ Mpc$^{-3}$,11,SC,0.1,-8.691275167785236,0.037893482626328995,9.93093471037645e+55,0.07580265456150428,-12.291275167785235,5.113577380258574e-13
38,$10^{-11}$ Mpc$^{-3}$,11,SC,0.1,-8.926174496644297,0.07534101738858175,9.93093471037645e+55,0.15114367195008602,-12.526174496644296,2.977319921660189e-13
39,$10^{-11}$ Mpc$^{-3}$,11,SC,0.1,-9.161073825503358,0.14590160869264313,9.93093471037645e+55,0.29704528064272917,-12.761073825503358,1.733509294322323e-13
40,$10^{-11}$ Mpc$^{-3}$,11,SC,0.1,-9.395973154362416,0.2701268648091217,9.93093471037645e+55,0.5671721454518508,-12.995973154362416,1.0093152743311001e-13
41,$10^{-11}$ Mpc$^{-3}$,11,SC,0.1,-9.630872483221477,0.5019907101474707,9.93093471037645e+55,1.0691628555993216,-13.230872483221477,5.87661875442266e-14
42,$10^{-11}$ Mpc$^{-3}$,11,SC,0.1,-9.865771812080538,0.9005229641511632,9.93093471037645e+55,1.9696858197504845,-13.465771812080538,3.421591732842759e-14
43,$10^{-11}$ Mpc$^{-3}$,11,SC,0.1,-10.100671140939596,1.5927412410960244,9.93093471037645e+55,3.562427060846509,-13.700671140939596,1.9921812993989565e-14
44,$10^{-11}$ Mpc$^{-3}$,11,SC,0.1,-10.335570469798657,2.7080737541132502,9.93093471037645e+55,6.270500814959759,-13.935570469798657,1.1599239884699797e-14
45,$10^{-11}$ Mpc$^{-3}$,11,SC,0.1,-10.570469798657719,4.46079525479858,9.93093471037645e+55,10.73129606975834,-14.170469798657718,6.7535201712515895e-15
46,$10^{-11}$ Mpc$^{-3}$,11,SC,0.1,-10.80536912751678,6.915559979115516,9.93093471037645e+55,17.646856048873854,-14.40536912751678,3.9321572065825545e-15
47,$10^{-11}$ Mpc$^{-3}$,11,SC,0.1,-11.040268456375841,10.096266086084748,9.93093471037645e+55,27.743122134958604,-14.640268456375841,2.2894520050591127e-15
48,$10^{-11}$ Mpc$^{-3}$,11,SC,0.1,-11.275167785234899,13.273564086339764,9.93093471037645e+55,41.01668622129837,-14.875167785234899,1.3330063392925006e-15
49,$10^{-11}$ Mpc$^{-3}$,11,SC,0.1,-11.51006711409396,15.626294283910633,9.93093471037645e+55,56.642980505209,-15.11006711409396,7.761271678408036e-16
50,$10^{-11}$ Mpc$^{-3}$,11,SC,0.1,-11.744966442953022,16.2744101037749,9.93093471037645e+55,72.91739060898391,-15.344966442953021,4.518908597091139e-16
51,$10^{-11}$ Mpc$^{-3}$,11,SC,0.1,-11.97986577181208,15.102437135046419,9.93093471037645e+55,88.01982774403032,-15.579865771812079,2.631081059264371e-16
52,$10^{-11}$ Mpc$^{-3}$,11,SC,0.1,-12.21476510067114,12.847746049687618,9.93093471037645e+55,100.86757379371794,-15.81476510067114,1.5319158136714243e-16
53,$10^{-11}$ Mpc$^{-3}$,11,SC,0.1,-12.449664429530202,10.185919279473726,9.93093471037645e+55,111.05349307319166,-16.049664429530203,8.91939855639685e-17
54,$10^{-11}$ Mpc$^{-3}$,11,SC,0.1,-12.684563758389263,7.6974659604474756,9.93093471037645e+55,118.75095903363913,-16.28456375838926,5.1932142679035517e-17
55,$10^{-11}$ Mpc$^{-3}$,11,SC,0.1,-12.919463087248324,5.602830076899485,9.93093471037645e+55,124.35378911053863,-16.519463087248326,3.0236875571632014e-17
56,$10^{-11}$ Mpc$^{-3}$,11,SC,0.1,-13.154362416107382,3.961682164519895,9.93093471037645e+55,128.3154712750585,-16.754362416107384,1.760506301434493e-17
57,$10^{-11}$ Mpc$^{-3}$,11,SC,0.1,-13.389261744966444,2.7329976344920945,9.93093471037645e+55,131.04846890955062,-16.98926174496644,1.0250339622716748e-17
58,$10^{-11}$ Mpc$^{-3}$,11,SC,0.1,-13.624161073825505,1.8492585094671565,9.93093471037645e+55,132.89772741901777,-17.224161073825506,5.968138954993951e-18
59,$10^{-11}$ Mpc$^{-3}$,11,SC,0.1,-13.859060402684563,0.039957006991263776,9.93093471037645e+55,132.93768442600904,-17.459060402684564,3.474878286684173e-18
60,$10^{-11}$ Mpc$^{-3}$,11,SC,0.1,-14.093959731543624,0.0,9.93093471037645e+55,132.93768442600904,-17.69395973154362,2.0232067648433924e-18
61,$10^{-11}$ Mpc$^{-3}$,11,SC,0.1,-14.328859060402685,0.0,9.93093471037645e+55,132.93768442600904,-17.928859060402687,1.1779881986065197e-18
62,$10^{-11}$ Mpc$^{-3}$,11,SC,0.1,-14.563758389261746,0.0,9.93093471037645e+55,132.93768442600904,-18.163758389261744,6.858696897267782e-19
63,$10^{-11}$ Mpc$^{-3}$,11,SC,0.1,-14.798657718120808,0.0,9.93093471037645e+55,132.93768442600904,-18.39865771812081,3.993395110769115e-19
64,$10^{-11}$ Mpc$^{-3}$,11,SC,0.1,-15.033557046979865,0.0,9.93093471037645e+55,132.93768442600904,-18.633557046979867,2.3251070501552024e-19
65,$10^{-11}$ Mpc$^{-3}$,11,SC,0.1,-15.268456375838927,0.0,9.93093471037645e+55,132.93768442600904,-18.868456375838925,1.353766067400284e-19
66,$10^{-11}$ Mpc$^{-3}$,11,SC,0.1,-15.503355704697988,0.0,9.93093471037645e+55,132.93768442600904,-19.10335570469799,7.882142738856123e-20
67,$10^{-11}$ Mpc$^{-3}$,11,SC,0.1,-15.738255033557046,0.0,9.93093471037645e+55,132.93768442600904,-19.338255033557047,4.5892843417926456e-20
68,$10^{-11}$ Mpc$^{-3}$,11,SC,0.1,-15.973154362416107,0.0,9.93093471037645e+55,132.93768442600904,-19.573154362416105,2.6720565038739278e-20
69,$10^{-11}$ Mpc$^{-3}$,11,SC,0.1,-16.20805369127517,0.0,9.93093471037645e+55,132.93768442600904,-19.80805369127517,1.5557732814406287e-20
70,$10^{-11}$ Mpc$^{-3}$,11,SC,0.1,-16.44295302013423,0.0,9.93093471037645e+55,132.93768442600904,-20.042953020134227,9.058305839474052e-21
71,$10^{-11}$ Mpc$^{-3}$,11,SC,0.1,-16.67785234899329,0.0,9.93093471037645e+55,132.93768442600904,-20.277852348993292,5.27409138981152e-21
72,$10^{-11}$ Mpc$^{-3}$,11,SC,0.1,-16.91275167785235,0.0,9.93093471037645e+55,132.93768442600904,-20.51275167785235,3.0707773043904576e-21
73,$10^{-11}$ Mpc$^{-3}$,11,SC,0.1,-17.14765100671141,0.0,9.93093471037645e+55,132.93768442600904,-20.747651006711408,1.7879237495534773e-21
74,$10^{-11}$ Mpc$^{-3}$,11,SC,0.1,-17.38255033557047,0.0,9.93093471037645e+55,132.93768442600904,-20.982550335570473,1.0409974470134513e-21
75,$10^{-11}$ Mpc$^{-3}$,11,SC,0.1,-17.61744966442953,0.0,9.93093471037645e+55,132.93768442600904,-21.21744966442953,6.061084455974043e-22
76,$10^{-11}$ Mpc$^{-3}$,11,SC,0.1,-17.85234899328859,0.0,9.93093471037645e+55,132.93768442600904,-21.452348993288588,3.528994704823273e-22
77,$10^{-11}$ Mpc$^{-3}$,11,SC,0.1,-18.08724832214765,0.0,9.93093471037645e+55,132.93768442600904,-21.687248322147653,2.054715408955495e-22
78,$10^{-11}$ Mpc$^{-3}$,11,SC,0.1,-18.322147651006713,0.0,9.93093471037645e+55,132.93768442600904,-21.92214765100671,1.196333733804976e-22
79,$10^{-11}$ Mpc$^{-3}$,11,SC,0.1,-18.557046979865774,0.0,9.93093471037645e+55,132.93768442600904,-22.157046979865775,6.965511605168148e-23
80,$10^{-11}$ Mpc$^{-3}$,11,SC,0.1,-18.79194630872483,0.0,9.93093471037645e+55,132.93768442600904,-22.391946308724833,4.0555867105259037e-23
81,$10^{-11}$ Mpc$^{-3}$,11,SC,0.1,-19.026845637583893,0.0,9.93093471037645e+55,132.93768442600904,-22.62684563758389,2.3613173732121388e-23
82,$10^{-11}$ Mpc$^{-3}$,11,SC,0.1,-19.261744966442954,0.0,9.93093471037645e+55,132.93768442600904,-22.861744966442956,1.3748490995302492e-23
83,$10^{-11}$ Mpc$^{-3}$,11,SC,0.1,-19.496644295302012,0.0,9.93093471037645e+55,132.93768442600904,-23.096644295302013,8.0048961987176e-24
84,$10^{-11}$ Mpc$^{-3}$,11,SC,0.1,-19.731543624161073,0.0,9.93093471037645e+55,132.93768442600904,-23.33154362416107,4.6607560912784846e-24
85,$10^{-11}$ Mpc$^{-3}$,11,SC,0.1,-19.966442953020135,0.0,9.93093471037645e+55,132.93768442600904,-23.566442953020136,2.7136700843003005e-24
86,$10^{-11}$ Mpc$^{-3}$,11,SC,0.1,-20.201342281879196,0.0,9.93093471037645e+55,132.93768442600904,-23.801342281879194,1.5800022962382722e-24
87,$10^{-11}$ Mpc$^{-3}$,11,SC,0.1,-20.436241610738257,0.0,9.93093471037645e+55,132.93768442600904,-24.03624161073826,9.19937641115962e-25
88,$10^{-11}$ Mpc$^{-3}$,11,SC,0.1,-20.671140939597315,0.0,9.93093471037645e+55,132.93768442600904,-24.271140939597316,5.356228060914098e-25
89,$10^{-11}$ Mpc$^{-3}$,11,SC,0.1,-20.906040268456376,0.0,9.93093471037645e+55,132.93768442600904,-24.506040268456374,3.1186004092322174e-25
90,$10^{-11}$ Mpc$^{-3}$,11,SC,0.1,-21.140939597315437,0.0,9.93093471037645e+55,132.93768442600904,-24.74093959731544,1.815768186465795e-25
91,$10^{-11}$ Mpc$^{-3}$,11,SC,0.1,-21.375838926174495,0.0,9.93093471037645e+55,132.93768442600904,-24.975838926174497,1.0572095409277022e-25
92,$10^{-11}$ Mpc$^{-3}$,11,SC,0.1,-21.610738255033556,0.0,9.93093471037645e+55,132.93768442600904,-25.210738255033554,6.155477454443315e-26
93,$10^{-11}$ Mpc$^{-3}$,11,SC,0.1,-21.845637583892618,0.0,9.93093471037645e+55,132.93768442600904,-25.44563758389262,3.583953911247426e-26
94,$10^{-11}$ Mpc$^{-3}$,11,SC,0.1,-22.08053691275168,0.0,9.93093471037645e+55,132.93768442600904,-25.680536912751684,2.0867147565740477e-26
95,$10^{-11}$ Mpc$^{-3}$,11,SC,0.1,-22.31543624161074,0.0,9.93093471037645e+55,132.93768442600904,-25.91543624161074,1.2149649753136417e-26
96,$10^{-11}$ Mpc$^{-3}$,11,SC,0.1,-22.550335570469798,0.0,9.93093471037645e+55,132.93768442600904,-26.1503355704698,7.07398980425285e-27
97,$10^{-11}$ Mpc$^{-3}$,11,SC,0.1,-22.78523489932886,0.0,9.93093471037645e+55,132.93768442600904,-26.385234899328857,4.118746858340929e-27
98,$10^{-11}$ Mpc$^{-3}$,11,SC,0.1,-23.02013422818792,0.0,9.93093471037645e+55,132.93768442600904,-26.620134228187922,2.3980916219152983e-27
99,$10^{-11}$ Mpc$^{-3}$,11,SC,0.1,-23.25503355704698,0.0,9.93093471037645e+55,132.93768442600904,-26.85503355704698,1.3962604706949469e-27
100,$10^{-11}$ Mpc$^{-3}$,11,SC,0.1,-23.48993288590604,0.0,9.93093471037645e+55,132.93768442600904,-27.089932885906045,8.12956137375681e-28
101,$10^{-11}$ Mpc$^{-3}$,11,SC,0.1,-23.7248322147651,0.0,9.93093471037645e+55,132.93768442600904,-27.324832214765102,4.733340914305594e-28
102,$10^{-11}$ Mpc$^{-3}$,11,SC,0.1,-23.959731543624162,0.0,9.93093471037645e+55,132.93768442600904,-27.55973154362416,2.755931738625377e-28
103,$10^{-11}$ Mpc$^{-3}$,11,SC,0.1,-24.194630872483224,0.0,9.93093471037645e+55,132.93768442600904,-27.794630872483225,1.604608644394848e-28
104,$10^{-11}$ Mpc$^{-3}$,11,SC,0.1,-24.42953020134228,0.0,9.93093471037645e+55,132.93768442600904,-28.029530201342283,9.34264396167873e-29
105,$10^{-11}$ Mpc$^{-3}$,11,SC,0.1,-24.664429530201343,0.0,9.93093471037645e+55,132.93768442600904,-28.264429530201348,5.439643896945894e-29
106,$10^{-11}$ Mpc$^{-3}$,11,SC,0.1,-24.899328859060404,0.0,9.93093471037645e+55,132.93768442600904,-28.499328859060405,3.1671682927178977e-29
107,$10^{-11}$ Mpc$^{-3}$,11,SC,0.1,-25.13422818791946,0.0,9.93093471037645e+55,132.93768442600904,-28.734228187919463,1.8440462619307703e-29
108,$10^{-11}$ Mpc$^{-3}$,11,SC,0.1,-25.369127516778523,0.0,9.93093471037645e+55,132.93768442600904,-28.96912751677852,1.0736741157580577e-29
109,$10^{-11}$ Mpc$^{-3}$,11,SC,0.1,-25.604026845637584,0.0,9.93093471037645e+55,132.93768442600904,-29.204026845637586,6.251340493170915e-30
110,$10^{-11}$ Mpc$^{-3}$,11,SC,0.1,-25.838926174496645,0.0,9.93093471037645e+55,132.93768442600904,-29.43892617449665,3.639769031217338e-30
111,$10^{-11}$ Mpc$^{-3}$,11,SC,0.1,-26.073825503355707,0.0,9.93093471037645e+55,132.93768442600904,-29.673825503355708,2.1192124497267903e-30
112,$10^{-11}$ Mpc$^{-3}$,11,SC,0.1,-26.308724832214764,0.0,9.93093471037645e+55,132.93768442600904,-29.908724832214766,1.2338863726127609e-30
113,$10^{-11}$ Mpc$^{-3}$,11,SC,0.1,-26.543624161073826,0.0,9.93093471037645e+55,132.93768442600904,-30.143624161073824,7.184157401093766e-31
114,$10^{-11}$ Mpc$^{-3}$,11,SC,0.1,-26.778523489932887,0.0,9.93093471037645e+55,132.93768442600904,-30.37852348993289,4.182890638009118e-31
115,$10^{-11}$ Mpc$^{-3}$,11,SC,0.1,-27.013422818791945,0.0,9.93093471037645e+55,132.93768442600904,-30.613422818791946,2.4354385786259104e-31
116,$10^{-11}$ Mpc$^{-3}$,11,SC,0.1,-27.248322147651006,0.0,9.93093471037645e+55,132.93768442600904,-30.84832214765101,1.4180052943201927e-31
117,$10^{-11}$ Mpc$^{-3}$,11,SC,0.1,-27.483221476510067,0.0,9.93093471037645e+55,132.93768442600904,-31.08322147651007,8.256168036291025e-32
118,$10^{-11}$ Mpc$^{-3}$,11,SC,0.1,-27.71812080536913,0.0,9.93093471037645e+55,132.93768442600904,-31.318120805369126,4.8070561454534154e-32
119,$10^{-11}$ Mpc$^{-3}$,11,SC,0.1,-27.95302013422819,0.0,9.93093471037645e+55,132.93768442600904,-31.55302013422819,2.798851559702743e-32
120,$10^{-11}$ Mpc$^{-3}$,11,SC,0.1,-28.187919463087248,0.0,9.93093471037645e+55,132.93768442600904,-31.78791946308725,1.629598202355034e-32
121,$10^{-11}$ Mpc$^{-3}$,11,SC,0.1,-28.42281879194631,0.0,9.93093471037645e+55,132.93768442600904,-32.022818791946314,9.488142705934562e-33
122,$10^{-11}$ Mpc$^{-3}$,11,SC,0.1,-28.65771812080537,0.0,9.93093471037645e+55,132.93768442600904,-32.25771812080537,5.524358819129781e-33
123,$10^{-11}$ Mpc$^{-3}$,11,SC,0.1,-28.892617449664428,0.0,9.93093471037645e+55,132.93768442600904,-32.49261744966443,3.216492553743792e-33
124,$10^{-11}$ Mpc$^{-3}$,11,SC,0.1,-29.12751677852349,0.0,9.93093471037645e+55,132.93768442600904,-32.72751677852349,1.8727647292684317e-33
125,$10^{-11}$ Mpc$^{-3}$,11,SC,0.1,-29.36241610738255,0.0,9.93093471037645e+55,132.93768442600904,-32.96241610738255,1.0903951035451935e-33
126,$10^{-11}$ Mpc$^{-3}$,11,SC,0.1,-29.59731543624161,0.0,9.93093471037645e+55,132.93768442600904,-33.19731543624162,6.348696465998607e-34
127,$10^{-11}$ Mpc$^{-3}$,11,SC,0.1,-29.832214765100673,0.0,9.93093471037645e+55,132.93768442600904,-33.432214765100674,3.696453394401483e-34
128,$10^{-11}$ Mpc$^{-3}$,11,SC,0.1,-30.06711409395973,0.0,9.93093471037645e+55,132.93768442600904,-33.66711409395973,2.152216249455395e-34
129,$10^{-11}$ Mpc$^{-3}$,11,SC,0.1,-30.302013422818792,0.0,9.93093471037645e+55,132.93768442600904,-33.90201342281879,1.253102444477012e-34
130,$10^{-11}$ Mpc$^{-3}$,11,SC,0.1,-30.536912751677853,0.0,9.93093471037645e+55,132.93768442600904,-34.136912751677855,7.296040705721759e-35
131,$10^{-11}$ Mpc$^{-3}$,11,SC,0.1,-30.77181208053691,0.0,9.93093471037645e+55,132.93768442600904,-34.37181208053691,4.2480333682348233e-35
132,$10^{-11}$ Mpc$^{-3}$,11,SC,0.1,-31.006711409395972,0.0,9.93093471037645e+55,132.93768442600904,-34.60671140939598,2.473367162478164e-35
133,$10^{-11}$ Mpc$^{-3}$,11,SC,0.1,-31.241610738255034,0.0,9.93093471037645e+55,132.93768442600904,-34.841610738255035,1.4400887634664208e-35
134,$10^{-11}$ Mpc$^{-3}$,11,SC,0.1,-31.476510067114095,0.0,9.93093471037645e+55,132.93768442600904,-35.07651006711409,8.384746422299745e-36
135,$10^{-11}$ Mpc$^{-3}$,11,SC,0.1,-31.711409395973156,0.0,9.93093471037645e+55,132.93768442600904,-35.31140939597316,4.881919389263155e-36
136,$10^{-11}$ Mpc$^{-3}$,11,SC,0.1,-31.946308724832214,0.0,9.93093471037645e+55,132.93768442600904,-35.546308724832215,2.842439797568385e-36
137,$10^{-11}$ Mpc$^{-3}$,11,SC,0.1,-32.18120805369128,0.0,9.93093471037645e+55,132.93768442600904,-35.78120805369128,1.654976938080891e-36
138,$10^{-11}$ Mpc$^{-3}$,11,SC,0.1,-32.41610738255034,0.0,9.93093471037645e+55,132.93768442600904,-36.01610738255034,9.635907391680653e-37
139,$10^{-11}$ Mpc$^{-3}$,11,SC,0.1,-32.651006711409394,0.0,9.93093471037645e+55,132.93768442600904,-36.251006711409396,5.6103930589338246e-37
140,$10^{-11}$ Mpc$^{-3}$,11,SC,0.1,-32.88590604026846,0.0,9.93093471037645e+55,132.93768442600904,-36.48590604026846,3.266584971842732e-37
141,$10^{-11}$ Mpc$^{-3}$,11,SC,0.1,-33.12080536912752,0.0,9.93093471037645e+55,132.93768442600904,-36.72080536912752,1.9019304469724177e-37
142,$10^{-11}$ Mpc$^{-3}$,11,SC,0.1,-33.355704697986575,0.0,9.93093471037645e+55,132.93768442600904,-36.955704697986576,1.107376497565928e-37
143,$10^{-11}$ Mpc$^{-3}$,11,SC,0.1,-33.59060402684564,0.0,9.93093471037645e+55,132.93768442600904,-37.19060402684564,6.44756862330805e-38
144,$10^{-11}$ Mpc$^{-3}$,11,SC,0.1,-33.8255033557047,0.0,9.93093471037645e+55,132.93768442600904,-37.4255033557047,3.7540205380593425e-38
145,$10^{-11}$ Mpc$^{-3}$,11,SC,0.1,-34.060402684563755,0.0,9.93093471037645e+55,132.93768442600904,-37.660402684563756,2.1857340376690456e-38
146,$10^{-11}$ Mpc$^{-3}$,11,SC,0.1,-34.29530201342282,0.0,9.93093471037645e+55,132.93768442600904,-37.89530201342282,1.272617780054732e-38
147,$10^{-11}$ Mpc$^{-3}$,11,SC,0.1,-34.53020134228188,0.0,9.93093471037645e+55,132.93768442600904,-38.13020134228188,7.409666437910351e-39
148,$10^{-11}$ Mpc$^{-3}$,11,SC,0.1,-34.76510067114094,0.0,9.93093471037645e+55,132.93768442600904,-38.365100671140944,4.314190606289733e-39
149,$10^{-11}$ Mpc$^{-3}$,11,SC,0.1,-35.0,0.0,9.93093471037645e+55,132.93768442600904,-38.6,2.5118864315095717e-39
